...............................................................F....................................................................[append] ERROR: 内容文件为空：C:\Users\Turn-\AppData\Local\Temp\tmpgnf_nqw7\body.md
..................................................................................................................................................................................................................................................................D:\PythonProject\QuantV1\backtest_forecast.py:125: ConstantInputWarning: An input array is constant; the correlation coefficient is not defined.
  r, _ = spearmanr(xs, ys)
...............................[run_tests] 64 个测试文件（全部）
[append] OK → C:\Users\Turn-\AppData\Local\Temp\tmp4dkqxm7h\daily_runs\2099-01-01.md（仅追加，未触碰既有内容）
[append] OK → C:\Users\Turn-\AppData\Local\Temp\tmp4dkqxm7h\daily_runs\2099-01-01.md（仅追加，未触碰既有内容）
[append] OK → C:\Users\Turn-\AppData\Local\Temp\tmpdjh26n2n\daily_runs\2099-01-02.md（仅追加，未触碰既有内容）
[append] SKIP：2099-01-02.md 已存在小节「[23:00 日汇总]」，拒绝重复追加（确要再加用 --force）
[append] OK → C:\Users\Turn-\AppData\Local\Temp\tmpdjh26n2n\daily_runs\2099-01-02.md（仅追加，未触碰既有内容）
[fail] report↔evidence 配对锚点不成立：evidence_anchor_mismatch（锚点方向 = report PROVENANCE_JSON 声明 evidence 内容哈希；无锚点的旧格式证据不得绑定，D3-01）
[fail] report↔evidence 配对锚点不成立：evidence_anchor_missing（锚点方向 = report PROVENANCE_JSON 声明 evidence 内容哈希；无锚点的旧格式证据不得绑定，D3-01）
[fail] evidence JSON 不可读或不是 object
[frozen] 消费冻结件: samples_frozen_20260910.jsonl
[frozen] G-A 内部完整性 : PASS（PASS（sha=be8e55f02b39… n=3371））
[frozen] G-B K线指纹    : DRIFTED（本轮数字与锚定历史轮次**不可比**，报告必须原样记录且不得引用历史绝对值作门槛）
[frozen] 消费冻结件: samples_frozen_20260910.jsonl
[frozen] G-A 内部完整性 : PASS（PASS（sha=be8e55f02b39… n=3371））
[frozen] G-B K线指纹    : DRIFTED（本轮数字与锚定历史轮次**不可比**，报告必须原样记录且不得引用历史绝对值作门槛）
[frozen] 消费冻结件: samples_frozen_20260910.jsonl
[frozen] G-A 内部完整性 : PASS（PASS（sha=be8e55f02b39… n=3371））
[frozen] G-B K线指纹    : DRIFTED（本轮数字与锚定历史轮次**不可比**，报告必须原样记录且不得引用历史绝对值作门槛）
[fail] --fresh 是活拉路径（load_samples 全链拉东财/腾讯）——铁律 8：冒烟＝真跑网络路径，必须先获人工授权。获批后加双旗标：--fresh --i-know-this-hits-network
[freeze] samples  : C:\Users\Turn-\AppData\Local\Temp\tmpg93n1vjm\samples_frozen_20260910.jsonl
[freeze] rows     : 2
[freeze] sha256   : 89fca06abec0921e7a0a8fb91406db044db7e0ffd7fdc4c33371a6d1fe985106  (LF 归一，判定口径)
[freeze] raw-bytes: 0f46a47910690de70ad855ca2151071e5158598095fd3fd5d684f5946b109de1  (仅记录；CRLF 差异不判失败)
[freeze] meta     : samples_frozen_20260910.meta.json  记录 sha256=89fca06abec0921e7a0a8fb91406db044db7e0ffd7fdc4c33371a6d1fe985106
[freeze] G-A 样本 sha 一致 : OK
[freeze] kfp 留档 : REJECT —— 显式 --kfp 侧车不存在：kline_fingerprint_20260910.bak.json —— fail-closed 判 UNKNOWN（拒绝回退同目录兄弟/meta 字段：显式指定意味着调用方已知该用哪份）
[freeze] kfp 留档 : (无)  <- (无)
[freeze] kfp 当前 : (未取到)
[freeze] G-B K线指纹 : UNKNOWN（缺留档或重算聚合 sha）
[freeze] triple   : code=deadbeefdeadbeefdeadbeefdeadbeefdeadbeef samples_sha=89fca06abec0… kfp=n/a…
[freeze] 三件套已落盘 : C:\Users\Turn-\AppData\Local\Temp\tmpg93n1vjm\triple.json
[freeze] VERDICT  : PASS（G-A 过；可比性 = UNKNOWN）
[freeze] samples  : C:\Users\Turn-\AppData\Local\Temp\tmp1j_egj3n\samples_frozen_20260910.jsonl
[freeze] rows     : 2
[freeze] sha256   : 89fca06abec0921e7a0a8fb91406db044db7e0ffd7fdc4c33371a6d1fe985106  (LF 归一，判定口径)
[freeze] raw-bytes: 0f46a47910690de70ad855ca2151071e5158598095fd3fd5d684f5946b109de1  (仅记录；CRLF 差异不判失败)
[freeze] meta     : samples_frozen_20260910.meta.json  记录 sha256=89fca06abec0921e7a0a8fb91406db044db7e0ffd7fdc4c33371a6d1fe985106
[freeze] G-A 样本 sha 一致 : OK
[freeze] kfp 留档 : f5a2f60700000000000000000000000000000000000000000000000000000000  <- kline_fingerprint_20260910_explicit.json
[freeze] kfp 当前 : f5a2f60700000000000000000000000000000000000000000000000000000000
[freeze] G-B K线指纹 : SAME
[freeze] triple   : code=deadbeefdeadbeefdeadbeefdeadbeefdeadbeef samples_sha=89fca06abec0… kfp=f5a2f6070000…
[freeze] 三件套已落盘 : C:\Users\Turn-\AppData\Local\Temp\tmp1j_egj3n\triple.json
[freeze] VERDICT  : PASS（G-A 过；可比性 = SAME）
[freeze] samples  : C:\Users\Turn-\AppData\Local\Temp\tmpnuij3fh_\samples_frozen_20260910.jsonl
[freeze] rows     : 2
[freeze] sha256   : 89fca06abec0921e7a0a8fb91406db044db7e0ffd7fdc4c33371a6d1fe985106  (LF 归一，判定口径)
[freeze] raw-bytes: 0f46a47910690de70ad855ca2151071e5158598095fd3fd5d684f5946b109de1  (仅记录；CRLF 差异不判失败)
[freeze] meta     : samples_frozen_20260910.meta.json  记录 sha256=89fca06abec0921e7a0a8fb91406db044db7e0ffd7fdc4c33371a6d1fe985106
[freeze] G-A 样本 sha 一致 : OK
[freeze] kfp 留档 : REJECT —— 显式 --kfp cutoff 不符（侧车=None / meta scope='2026-09-10'）—— 判 UNKNOWN
[freeze] kfp 留档 : (无)  <- (无)
[freeze] kfp 当前 : (未取到)
[freeze] G-B K线指纹 : UNKNOWN（缺留档或重算聚合 sha）
[freeze] triple   : code=deadbeefdeadbeefdeadbeefdeadbeefdeadbeef samples_sha=89fca06abec0… kfp=n/a…
[freeze] 三件套已落盘 : C:\Users\Turn-\AppData\Local\Temp\tmpnuij3fh_\triple.json
[freeze] VERDICT  : PASS（G-A 过；可比性 = UNKNOWN）
[freeze] samples  : C:\Users\Turn-\AppData\Local\Temp\tmpgqcqtt01\samples_frozen_20260910.jsonl
[freeze] rows     : 2
[freeze] sha256   : 89fca06abec0921e7a0a8fb91406db044db7e0ffd7fdc4c33371a6d1fe985106  (LF 归一，判定口径)
[freeze] raw-bytes: 0f46a47910690de70ad855ca2151071e5158598095fd3fd5d684f5946b109de1  (仅记录；CRLF 差异不判失败)
[freeze] meta     : samples_frozen_20260910.meta.json  记录 sha256=89fca06abec0921e7a0a8fb91406db044db7e0ffd7fdc4c33371a6d1fe985106
[freeze] G-A 样本 sha 一致 : OK
[freeze] kfp 留档 : REJECT —— 显式 --kfp stock_n 不符（meta=3 / 侧车=all）—— 判 UNKNOWN
[freeze] kfp 留档 : (无)  <- (无)
[freeze] kfp 当前 : (未取到)
[freeze] G-B K线指纹 : UNKNOWN（缺留档或重算聚合 sha）
[freeze] triple   : code=deadbeefdeadbeefdeadbeefdeadbeefdeadbeef samples_sha=89fca06abec0… kfp=n/a…
[freeze] 三件套已落盘 : C:\Users\Turn-\AppData\Local\Temp\tmpgqcqtt01\triple.json
[freeze] VERDICT  : PASS（G-A 过；可比性 = UNKNOWN）
[freeze] samples  : C:\Users\Turn-\AppData\Local\Temp\tmpcyksm4oy\samples_frozen_20260910.jsonl
[freeze] rows     : 2
[freeze] sha256   : 89fca06abec0921e7a0a8fb91406db044db7e0ffd7fdc4c33371a6d1fe985106  (LF 归一，判定口径)
[freeze] raw-bytes: 0f46a47910690de70ad855ca2151071e5158598095fd3fd5d684f5946b109de1  (仅记录；CRLF 差异不判失败)
[freeze] meta     : samples_frozen_20260910.meta.json  记录 sha256=89fca06abec0921e7a0a8fb91406db044db7e0ffd7fdc4c33371a6d1fe985106
[freeze] G-A 样本 sha 一致 : OK
[freeze] kfp 留档 : REJECT —— 显式 --kfp 与样本日期标签不符（kline_fingerprint_20260101.json vs samples_frozen_20260910）—— 判 UNKNOWN
[freeze] kfp 留档 : (无)  <- (无)
[freeze] kfp 当前 : (未取到)
[freeze] G-B K线指纹 : UNKNOWN（缺留档或重算聚合 sha）
[freeze] triple   : code=deadbeefdeadbeefdeadbeefdeadbeefdeadbeef samples_sha=89fca06abec0… kfp=n/a…
[freeze] 三件套已落盘 : C:\Users\Turn-\AppData\Local\Temp\tmpcyksm4oy\triple.json
[freeze] VERDICT  : PASS（G-A 过；可比性 = UNKNOWN）
[freeze] samples  : C:\Users\Turn-\AppData\Local\Temp\tmppv13naxf\samples_frozen_20260910.jsonl
[freeze] rows     : 2
[freeze] sha256   : 89fca06abec0921e7a0a8fb91406db044db7e0ffd7fdc4c33371a6d1fe985106  (LF 归一，判定口径)
[freeze] raw-bytes: 0f46a47910690de70ad855ca2151071e5158598095fd3fd5d684f5946b109de1  (仅记录；CRLF 差异不判失败)
[freeze] meta     : samples_frozen_20260910.meta.json  记录 sha256=89fca06abec0921e7a0a8fb91406db044db7e0ffd7fdc4c33371a6d1fe985106
[freeze] G-A 样本 sha 一致 : OK
[freeze] kfp 留档 : REJECT —— 显式 --kfp 侧车不可解析（JSONDecodeError）—— fail-closed 判 UNKNOWN（坏文件比缺失更危险：半读的聚合会静默改变比对口径）..............
[freeze] kfp 留档 : (无)  <- (无)
[freeze] kfp 当前 : (未取到)
[freeze] G-B K线指纹 : UNKNOWN（缺留档或重算聚合 sha）
[freeze] triple   : code=deadbeefdeadbeefdeadbeefdeadbeefdeadbeef samples_sha=89fca06abec0… kfp=n/a…
[freeze] 三件套已落盘 : C:\Users\Turn-\AppData\Local\Temp\tmppv13naxf\triple.json
[freeze] VERDICT  : PASS（G-A 过；可比性 = UNKNOWN）

== P1-① 样本冻结结果 ==
  样本数     : 2  （预期 ~3343）
  每行字段数 : 3
  日期区间   : 2020-04-27 ~ 2020-04-28
  四基金分布 : {'002112': 1, '002207': 1}
  sha256     : 89fca06abec0921e7a0a8fb91406db044db7e0ffd7fdc4c33371a6d1fe985106
  K线指纹    : f5a2f60700000000000000000000000000000000000000000000000000000000（stock=2 fund=2 unreadable=0）-> kline_fingerprint_20261001.json
  KFP 口径   : universe=1 码, cutoff=2026-10-01（as-of + universe）
  commit     : deadbeefdeadbeefdeadbeefdeadbeefdeadbeef
  文件       : C:\Users\Turn-\AppData\Local\Temp\tmpkk4w4reo\forecast_outputs\samples_frozen_20261001.jsonl
  meta       : C:\Users\Turn-\AppData\Local\Temp\tmpkk4w4reo\forecast_outputs\samples_frozen_20261001.meta.json
  告警数     : 0   用时 0.0s

[ABORT] 捕获降级/频控征兆 —— 立即停手，勿重试（canonical 未落盘）：
    ! SUSPECT_DEGRADED: DegradedResponse 持仓拉取失败
        留证目录 : C:\Users\Turn-\AppData\Local\Temp\tmph4m8ym4d\forecast_outputs\freeze_failed_20261001_170911

[ABORT] 捕获降级/频控征兆 —— 立即停手，勿重试（canonical 未落盘）：
    ! SUSPECT_DEGRADED: DegradedResponse 持仓拉取失败
        留证目录 : C:\Users\Turn-\AppData\Local\Temp\tmpox6ji4s2\forecast_outputs\freeze_failed_20261001_170911

== P1-① 样本冻结结果 ==
  样本数     : 2  （预期 ~3343）
  每行字段数 : 3
  日期区间   : 2020-04-27 ~ 2020-04-28
  四基金分布 : {'002112': 1, '002207': 1}
  sha256     : 89fca06abec0921e7a0a8fb91406db044db7e0ffd7fdc4c33371a6d1fe985106
  K线指纹    : f5a2f60700000000000000000000000000000000000000000000000000000000（stock=2 fund=2 unreadable=0）-> kline_fingerprint_20261001.json
  KFP 口径   : universe=1 码, cutoff=2026-10-01（as-of + universe）
  commit     : deadbeefdeadbeefdeadbeefdeadbeefdeadbeef
  文件       : C:\Users\Turn-\AppData\Local\Temp\tmpox6ji4s2\forecast_outputs\samples_frozen_20261001.jsonl
  meta       : C:\Users\Turn-\AppData\Local\Temp\tmpox6ji4s2\forecast_outputs\samples_frozen_20261001.meta.json
  告警数     : 0   用时 0.0s

[ABORT] 当日冻结件已存在，拒绝重采：samples_frozen_20261001.jsonl
        复用既有件（阶段 2 直接读它），或显式 --force 重采并在报告记录「已重采」。
        校验既有件：python -X utf8 freeze_verify_tool.py verify --jsonl forecast_outputs/samples_frozen_20261001.jsonl

== P1-① 样本冻结结果 ==
  样本数     : 1  （预期 ~3343）
  每行字段数 : 3
  日期区间   : 2020-04-27 ~ 2020-04-27
  四基金分布 : {'002112': 1}
  sha256     : f3e1f9011f81c17027648715587dcd37cf98030abbd6a163ef4506b7b61e7fdd
  K线指纹    : f5a2f60700000000000000000000000000000000000000000000000000000000（stock=1 fund=1 unreadable=0）-> kline_fingerprint_20261001.json
  KFP 口径   : universe=1 码, cutoff=2026-10-01（as-of + universe）
  commit     : deadbeefdeadbeefdeadbeefdeadbeefdeadbeef
  文件       : C:\Users\Turn-\AppData\Local\Temp\tmpst85fb9r\forecast_outputs\samples_frozen_20261001.jsonl
  meta       : C:\Users\Turn-\AppData\Local\Temp\tmpst85fb9r\forecast_outputs\samples_frozen_20261001.meta.json
  告警数     : 0   用时 0.0s

[ABORT] SNAPSHOT_INVALID —— code commit 取不到（三件套①缺失）
        留证目录: C:\Users\Turn-\AppData\Local\Temp\tmp_py5b5sk\forecast_outputs\freeze_failed_20261001_170911_commit

== P1-① 样本冻结结果 ==
  样本数     : 1  （预期 ~3343）
  每行字段数 : 3
  日期区间   : 2020-04-27 ~ 2020-04-27
  四基金分布 : {'002112': 1}
  sha256     : f3e1f9011f81c17027648715587dcd37cf98030abbd6a163ef4506b7b61e7fdd
  K线指纹    : f5a2f60700000000000000000000000000000000000000000000000000000000（stock=1 fund=1 unreadable=0）-> kline_fingerprint_20261001.json
  KFP 口径   : universe=1 码, cutoff=2026-10-01（as-of + universe）
  commit     : deadbeefdeadbeefdeadbeefdeadbeefdeadbeef
  文件       : C:\Users\Turn-\AppData\Local\Temp\tmpenv14s7d\forecast_outputs\samples_frozen_20261001.jsonl
  meta       : C:\Users\Turn-\AppData\Local\Temp\tmpenv14s7d\forecast_outputs\samples_frozen_20261001.meta.json
  告警数     : 0   用时 0.0s

[ABORT] SNAPSHOT_INVALID —— KFP unreadable 非空: ['999999.json(stock:requested-missing)']
        留证目录: C:\Users\Turn-\AppData\Local\Temp\tmpalz5d_g_\forecast_outputs\freeze_failed_20261001_170912_kfp

[ABORT] SNAPSHOT_INVALID —— 个股K线拉取失败（数据质量门禁）：
    ! 000001 (0): ValueError: 全部数据源失败
        留证目录: C:\Users\Turn-\AppData\Local\Temp\tmp21vka_8z\forecast_outputs\freeze_failed_20261001_170912_stockfail
[freeze] samples  : C:\Users\Turn-\AppData\Local\Temp\tmpwupmzjxn\samples_frozen_20260910.jsonl
[freeze] rows     : 2
[freeze] sha256   : 89fca06abec0921e7a0a8fb91406db044db7e0ffd7fdc4c33371a6d1fe985106  (LF 归一，判定口径)
[freeze] raw-bytes: 0f46a47910690de70ad855ca2151071e5158598095fd3fd5d684f5946b109de1  (仅记录；CRLF 差异不判失败)
[freeze] meta     : samples_frozen_20260910.meta.json  记录 sha256=89fca06abec0921e7a0a8fb91406db044db7e0ffd7fdc4c33371a6d1fe985106
[freeze] G-A 样本 sha 一致 : OK
[freeze] G-A 冻结时带降级/频控征兆 : ['DegradedResponse']
[freeze] kfp 留档 : f5a2f60700000000000000000000000000000000000000000000000000000000  <- kline_fingerprint_20260910.json
[freeze] kfp 当前 : f5a2f60700000000000000000000000000000000000000000000000000000000
[freeze] G-B K线指纹 : SAME
[freeze] triple   : code=deadbeefdeadbeefdeadbeefdeadbeefdeadbeef samples_sha=89fca06abec0… kfp=f5a2f6070000…
[freeze] VERDICT  : MISMATCH —— G-A 失败，必须中止，不得继续复算
[freeze] samples  : C:\Users\Turn-\AppData\Local\Temp\tmpdgvb_gbs\samples_frozen_20260910.jsonl
[freeze] rows     : 2
[freeze] sha256   : 89fca06abec0921e7a0a8fb91406db044db7e0ffd7fdc4c33371a6d1fe985106  (LF 归一，判定口径)
[freeze] raw-bytes: 0f46a47910690de70ad855ca2151071e5158598095fd3fd5d684f5946b109de1  (仅记录；CRLF 差异不判失败)
[freeze] meta     : 不可解析（JSONDecodeError）—— 无法做 G-A 判定
[freeze] VERDICT  : MISSING（按 fail-closed 处理，必须中止）
[freeze] samples  : C:\Users\Turn-\AppData\Local\Temp\tmp3apw98gn\samples_frozen_20260910.jsonl
[freeze] rows     : 2
[freeze] sha256   : 89fca06abec0921e7a0a8fb91406db044db7e0ffd7fdc4c33371a6d1fe985106  (LF 归一，判定口径)
[freeze] raw-bytes: 0f46a47910690de70ad855ca2151071e5158598095fd3fd5d684f5946b109de1  (仅记录；CRLF 差异不判失败)
[freeze] meta     : 顶层非 object（list）—— 无法做 G-A 判定
[freeze] VERDICT  : MISSING（按 fail-closed 处理，必须中止）
[freeze] samples  : C:\Users\Turn-\AppData\Local\Temp\tmp3apw98gn\samples_frozen_20260910.jsonl
[freeze] rows     : 2
[freeze] sha256   : 89fca06abec0921e7a0a8fb91406db044db7e0ffd7fdc4c33371a6d1fe985106  (LF 归一，判定口径)
[freeze] raw-bytes: 0f46a47910690de70ad855ca2151071e5158598095fd3fd5d684f5946b109de1  (仅记录；CRLF 差异不判失败)
[freeze] meta     : 顶层非 object（str）—— 无法做 G-A 判定
[freeze] VERDICT  : MISSING（按 fail-closed 处理，必须中止）
[freeze] samples  : C:\Users\Turn-\AppData\Local\Temp\tmp3apw98gn\samples_frozen_20260910.jsonl
[freeze] rows     : 2
[freeze] sha256   : 89fca06abec0921e7a0a8fb91406db044db7e0ffd7fdc4c33371a6d1fe985106  (LF 归一，判定口径)
[freeze] raw-bytes: 0f46a47910690de70ad855ca2151071e5158598095fd3fd5d684f5946b109de1  (仅记录；CRLF 差异不判失败)
[freeze] meta     : 顶层非 object（int）—— 无法做 G-A 判定
[freeze] VERDICT  : MISSING（按 fail-closed 处理，必须中止）..........
[freeze] samples  : C:\Users\Turn-\AppData\Local\Temp\tmp3jjvrmyl\samples_frozen_20260910.jsonl
[freeze] rows     : 2
[freeze] sha256   : 89fca06abec0921e7a0a8fb91406db044db7e0ffd7fdc4c33371a6d1fe985106  (LF 归一，判定口径)
[freeze] raw-bytes: 0f46a47910690de70ad855ca2151071e5158598095fd3fd5d684f5946b109de1  (仅记录；CRLF 差异不判失败)
[freeze] meta     : 缺失 —— 无法做 G-A 内部完整性判定
[freeze] VERDICT  : MISSING（按 fail-closed 处理，必须中止）
[freeze] samples  : C:\Users\Turn-\AppData\Local\Temp\tmpblvb88ze\samples_frozen_20260910.jsonl
[freeze] VERDICT  : MISSING —— 样本文件不存在（拒绝回退到同名文件）：C:\Users\Turn-\AppData\Local\Temp\tmpblvb88ze\samples_frozen_20260910.jsonl
[freeze] samples  : C:\Users\Turn-\AppData\Local\Temp\tmp3cq32f4w\samples_frozen_20260910.jsonl
[freeze] rows     : 2
[freeze] sha256   : 89fca06abec0921e7a0a8fb91406db044db7e0ffd7fdc4c33371a6d1fe985106  (LF 归一，判定口径)
[freeze] raw-bytes: 0f46a47910690de70ad855ca2151071e5158598095fd3fd5d684f5946b109de1  (仅记录；CRLF 差异不判失败)
[freeze] meta     : samples_frozen_20260910.meta.json  记录 sha256=89fca06abec0921e7a0a8fb91406db044db7e0ffd7fdc4c33371a6d1fe985106
[freeze] G-A 样本 sha 一致 : OK
[freeze] kfp 留档 : f5a2f60700000000000000000000000000000000000000000000000000000000  <- kline_fingerprint_20260910.json
[freeze] kfp 当前 : f5a2f60700000000000000000000000000000000000000000000000000000000
[freeze] G-B K线指纹 : SAME
[freeze] triple   : code=deadbeefdeadbeefdeadbeefdeadbeefdeadbeef samples_sha=89fca06abec0… kfp=f5a2f6070000…
[freeze] VERDICT  : PASS（G-A 过；可比性 = SAME）
[freeze] samples  : C:\Users\Turn-\AppData\Local\Temp\tmpxd3i90m2\samples_frozen_20260910.jsonl
[freeze] rows     : 2
[freeze] sha256   : 89fca06abec0921e7a0a8fb91406db044db7e0ffd7fdc4c33371a6d1fe985106  (LF 归一，判定口径)
[freeze] raw-bytes: 0f46a47910690de70ad855ca2151071e5158598095fd3fd5d684f5946b109de1  (仅记录；CRLF 差异不判失败)
[freeze] meta     : samples_frozen_20260910.meta.json  记录 sha256=89fca06abec0921e7a0a8fb91406db044db7e0ffd7fdc4c33371a6d1fe985106
[freeze] G-A 样本 sha 一致 : OK
[freeze] G-A n_samples 类型畸形（fail-closed，视同行数不符）: True（bool）
[freeze] kfp 留档 : f5a2f60700000000000000000000000000000000000000000000000000000000  <- kline_fingerprint_20260910.json
[freeze] kfp 当前 : f5a2f60700000000000000000000000000000000000000000000000000000000
[freeze] G-B K线指纹 : SAME
[freeze] triple   : code=deadbeefdeadbeefdeadbeefdeadbeefdeadbeef samples_sha=89fca06abec0… kfp=f5a2f6070000…
[freeze] VERDICT  : MISMATCH —— G-A 失败，必须中止，不得继续复算
[freeze] samples  : C:\Users\Turn-\AppData\Local\Temp\tmpzhdd2r3x\samples_frozen_20260910.jsonl
[freeze] rows     : 2
[freeze] sha256   : 89fca06abec0921e7a0a8fb91406db044db7e0ffd7fdc4c33371a6d1fe985106  (LF 归一，判定口径)
[freeze] raw-bytes: 0f46a47910690de70ad855ca2151071e5158598095fd3fd5d684f5946b109de1  (仅记录；CRLF 差异不判失败)
[freeze] meta     : samples_frozen_20260910.meta.json  记录 sha256=89fca06abec0921e7a0a8fb91406db044db7e0ffd7fdc4c33371a6d1fe985106
[freeze] G-A 样本 sha 一致 : OK
[freeze] G-A n_samples 类型畸形（fail-closed，视同行数不符）: None（NoneType）
[freeze] kfp 留档 : f5a2f60700000000000000000000000000000000000000000000000000000000  <- kline_fingerprint_20260910.json
[freeze] kfp 当前 : f5a2f60700000000000000000000000000000000000000000000000000000000
[freeze] G-B K线指纹 : SAME
[freeze] triple   : code=deadbeefdeadbeefdeadbeefdeadbeefdeadbeef samples_sha=89fca06abec0… kfp=f5a2f6070000…
[freeze] VERDICT  : MISMATCH —— G-A 失败，必须中止，不得继续复算
[freeze] samples  : C:\Users\Turn-\AppData\Local\Temp\tmpe5lp2elf\samples_frozen_20260910.jsonl
[freeze] rows     : 2
[freeze] sha256   : 89fca06abec0921e7a0a8fb91406db044db7e0ffd7fdc4c33371a6d1fe985106  (LF 归一，判定口径)
[freeze] raw-bytes: 0f46a47910690de70ad855ca2151071e5158598095fd3fd5d684f5946b109de1  (仅记录；CRLF 差异不判失败)
[freeze] meta     : samples_frozen_20260910.meta.json  记录 sha256=89fca06abec0921e7a0a8fb91406db044db7e0ffd7fdc4c33371a6d1fe985106
[freeze] G-A 样本 sha 一致 : OK
[freeze] G-A n_samples 类型畸形（fail-closed，视同行数不符）: '99'（str）
[freeze] kfp 留档 : f5a2f60700000000000000000000000000000000000000000000000000000000  <- kline_fingerprint_20260910.json
[freeze] kfp 当前 : f5a2f60700000000000000000000000000000000000000000000000000000000
[freeze] G-B K线指纹 : SAME
[freeze] triple   : code=deadbeefdeadbeefdeadbeefdeadbeefdeadbeef samples_sha=89fca06abec0… kfp=f5a2f6070000…
[freeze] VERDICT  : MISMATCH —— G-A 失败，必须中止，不得继续复算
[freeze] samples  : C:\Users\Turn-\AppData\Local\Temp\tmpdifgi14i\samples_frozen_20260910.jsonl
[freeze] rows     : 2
[freeze] sha256   : 89fca06abec0921e7a0a8fb91406db044db7e0ffd7fdc4c33371a6d1fe985106  (LF 归一，判定口径)
[freeze] raw-bytes: 0f46a47910690de70ad855ca2151071e5158598095fd3fd5d684f5946b109de1  (仅记录；CRLF 差异不判失败)
[freeze] meta     : samples_frozen_20260910.meta.json  记录 sha256=89fca06abec0921e7a0a8fb91406db044db7e0ffd7fdc4c33371a6d1fe985106
[freeze] G-A 样本 sha 一致 : OK
[freeze] G-A 行数 不一致 : meta=99 实际=2
[freeze] kfp 留档 : f5a2f60700000000000000000000000000000000000000000000000000000000  <- kline_fingerprint_20260910.json
[freeze] kfp 当前 : f5a2f60700000000000000000000000000000000000000000000000000000000
[freeze] G-B K线指纹 : SAME
[freeze] triple   : code=deadbeefdeadbeefdeadbeefdeadbeefdeadbeef samples_sha=89fca06abec0… kfp=f5a2f6070000…
[freeze] VERDICT  : MISMATCH —— G-A 失败，必须中止，不得继续复算
[freeze] samples  : C:\Users\Turn-\AppData\Local\Temp\tmp8vo69lyb\samples_frozen_20260910.jsonl
[freeze] rows     : 3
[freeze] sha256   : d77a97e52338973197efacce9cc59801eb431c3ef0fafc284f3fc98a3ebadae2  (LF 归一，判定口径)
[freeze] raw-bytes: f2f78372ac59d89e3f3d72dc54963dd1a036cef44b6df9e14e355e1b95a186dd  (仅记录；CRLF 差异不判失败)
[freeze] meta     : samples_frozen_20260910.meta.json  记录 sha256=89fca06abec0921e7a0a8fb91406db044db7e0ffd7fdc4c33371a6d1fe985106
[freeze] G-A 样本 sha 一致 : MISMATCH
[freeze] G-A 行数 不一致 : meta=2 实际=3
[freeze] kfp 留档 : f5a2f60700000000000000000000000000000000000000000000000000000000  <- kline_fingerprint_20260910.json
[freeze] kfp 当前 : f5a2f60700000000000000000000000000000000000000000000000000000000
[freeze] G-B K线指纹 : SAME
[freeze] triple   : code=deadbeefdeadbeefdeadbeefdeadbeefdeadbeef samples_sha=d77a97e52338… kfp=f5a2f6070000…
[freeze] VERDICT  : MISMATCH —— G-A 失败，必须中止，不得继续复算
[freeze] samples  : C:\Users\Turn-\AppData\Local\Temp\tmpejyuqly9\samples_frozen_20260910.jsonl
[freeze] rows     : 2
[freeze] sha256   : 89fca06abec0921e7a0a8fb91406db044db7e0ffd7fdc4c33371a6d1fe985106  (LF 归一，判定口径)
[freeze] raw-bytes: 0f46a47910690de70ad855ca2151071e5158598095fd3fd5d684f5946b109de1  (仅记录；CRLF 差异不判失败)
[freeze] meta     : samples_frozen_20260910.meta.json  记录 sha256=89fca06abec0921e7a0a8fb91406db044db7e0ffd7fdc4c33371a6d1fe985106
[freeze] G-A 样本 sha 一致 : OK
[freeze] kfp 留档 : cccc000000000000000000000000000000000000000000000000000000000000  <- (无)
[freeze] kfp 当前 : cccc000000000000000000000000000000000000000000000000000000000000
[freeze] G-B K线指纹 : SAME
[freeze] triple   : code=deadbeefdeadbeefdeadbeefdeadbeefdeadbeef samples_sha=89fca06abec0… kfp=cccc00000000…
[freeze] VERDICT  : PASS（G-A 过；可比性 = SAME）
[freeze] samples  : C:\Users\Turn-\AppData\Local\Temp\tmpta09gxn0\samples_frozen_20260910.jsonl
[freeze] rows     : 2
[freeze] sha256   : 89fca06abec0921e7a0a8fb91406db044db7e0ffd7fdc4c33371a6d1fe985106  (LF 归一，判定口径)
[freeze] raw-bytes: 0f46a47910690de70ad855ca2151071e5158598095fd3fd5d684f5946b109de1  (仅记录；CRLF 差异不判失败)........
[freeze] meta     : samples_frozen_20260910.meta.json  记录 sha256=89fca06abec0921e7a0a8fb91406db044db7e0ffd7fdc4c33371a6d1fe985106
[freeze] G-A 样本 sha 一致 : OK
[freeze] kfp 留档 : f5a2f60700000000000000000000000000000000000000000000000000000000  <- kline_fingerprint_20260910.json
[freeze] kfp 当前 : b5b25cd311111111111111111111111111111111111111111111111111111111
[freeze] G-B K线指纹 : DRIFTED（不一致 ⇒ 本轮数字与锚定历史轮次**不可比**，报告必须原样记录且不得引用历史绝对值作门槛）
[freeze] triple   : code=deadbeefdeadbeefdeadbeefdeadbeefdeadbeef samples_sha=89fca06abec0… kfp=f5a2f6070000…
[freeze] VERDICT  : PASS（G-A 过；可比性 = DRIFTED）
[freeze] samples  : C:\Users\Turn-\AppData\Local\Temp\tmpqoqf_vne\samples_frozen_20260910.jsonl
[freeze] rows     : 2
[freeze] sha256   : 89fca06abec0921e7a0a8fb91406db044db7e0ffd7fdc4c33371a6d1fe985106  (LF 归一，判定口径)
[freeze] raw-bytes: 0f46a47910690de70ad855ca2151071e5158598095fd3fd5d684f5946b109de1  (仅记录；CRLF 差异不判失败)
[freeze] meta     : samples_frozen_20260910.meta.json  记录 sha256=89fca06abec0921e7a0a8fb91406db044db7e0ffd7fdc4c33371a6d1fe985106
[freeze] G-A 样本 sha 一致 : OK
[freeze] kfp 留档 : f5a2f60700000000000000000000000000000000000000000000000000000000  <- kline_fingerprint_20260910.json
[freeze] kfp 当前 : (未取到)
[freeze] G-B K线指纹 : UNKNOWN（缺留档或重算聚合 sha）
[freeze] triple   : code=deadbeefdeadbeefdeadbeefdeadbeefdeadbeef samples_sha=89fca06abec0… kfp=f5a2f6070000…
[freeze] VERDICT  : PASS（G-A 过；可比性 = UNKNOWN）
[freeze] samples  : C:\Users\Turn-\AppData\Local\Temp\tmpg00jl9fn\samples_frozen_20260910.jsonl
[freeze] rows     : 2
[freeze] sha256   : 89fca06abec0921e7a0a8fb91406db044db7e0ffd7fdc4c33371a6d1fe985106  (LF 归一，判定口径)
[freeze] raw-bytes: 0f46a47910690de70ad855ca2151071e5158598095fd3fd5d684f5946b109de1  (仅记录；CRLF 差异不判失败)
[freeze] meta     : samples_frozen_20260910.meta.json  记录 sha256=89fca06abec0921e7a0a8fb91406db044db7e0ffd7fdc4c33371a6d1fe985106
[freeze] G-A 样本 sha 一致 : OK
[freeze] kfp 留档 : f5a2f60700000000000000000000000000000000000000000000000000000000  <- kline_fingerprint_20260910.json
[freeze] kfp 当前 : f5a2f60700000000000000000000000000000000000000000000000000000000
[freeze] G-B K线指纹 : SAME
[freeze] triple   : code=deadbeefdeadbeefdeadbeefdeadbeefdeadbeef samples_sha=89fca06abec0… kfp=f5a2f6070000…
[freeze] 三件套已落盘 : C:\Users\Turn-\AppData\Local\Temp\tmpg00jl9fn\triple.json
[freeze] VERDICT  : PASS（G-A 过；可比性 = SAME）
[freeze] samples  : C:\Users\Turn-\AppData\Local\Temp\tmpguovtw4t\samples_frozen_20260910.jsonl
[freeze] rows     : 2
[freeze] sha256   : 89fca06abec0921e7a0a8fb91406db044db7e0ffd7fdc4c33371a6d1fe985106  (LF 归一，判定口径)
[freeze] raw-bytes: 0f46a47910690de70ad855ca2151071e5158598095fd3fd5d684f5946b109de1  (仅记录；CRLF 差异不判失败)
[freeze] meta     : samples_frozen_20260910.meta.json  记录 sha256=89fca06abec0921e7a0a8fb91406db044db7e0ffd7fdc4c33371a6d1fe985106
[freeze] G-A 样本 sha 一致 : OK
[freeze] kfp 留档 : REJECT —— V4.3 scoped 件缺 kline_fingerprint_*.json 侧车（meta 无法恢复 universe 码表，混口径重算不可信）——fail-closed 判 UNKNOWN，请补回侧车或重新冻结
[freeze] kfp 留档 : (无)  <- (无)
[freeze] kfp 当前 : (未取到)
[freeze] G-B K线指纹 : UNKNOWN（缺留档或重算聚合 sha）
[freeze] triple   : code=deadbeefdeadbeefdeadbeefdeadbeefdeadbeef samples_sha=89fca06abec0… kfp=n/a…
[freeze] 三件套已落盘 : C:\Users\Turn-\AppData\Local\Temp\tmpguovtw4t\triple.json
[freeze] VERDICT  : PASS（G-A 过；可比性 = UNKNOWN）
[freeze] samples  : C:\Users\Turn-\AppData\Local\Temp\tmp9_6qfosr\samples_frozen_20260910.jsonl
[freeze] rows     : 2
[freeze] sha256   : 89fca06abec0921e7a0a8fb91406db044db7e0ffd7fdc4c33371a6d1fe985106  (LF 归一，判定口径)
[freeze] raw-bytes: 0f46a47910690de70ad855ca2151071e5158598095fd3fd5d684f5946b109de1  (仅记录；CRLF 差异不判失败)
[freeze] meta     : samples_frozen_20260910.meta.json  记录 sha256=89fca06abec0921e7a0a8fb91406db044db7e0ffd7fdc4c33371a6d1fe985106
[freeze] G-A 样本 sha 一致 : OK
[freeze] kfp 留档 : f5a2f60700000000000000000000000000000000000000000000000000000000  <- kline_fingerprint_20260910.json
[freeze] kfp 当前 : b5b25cd311111111111111111111111111111111111111111111111111111111
[freeze] G-B K线指纹 : DRIFTED（不一致 ⇒ 本轮数字与锚定历史轮次**不可比**，报告必须原样记录且不得引用历史绝对值作门槛）
[freeze] triple   : code=deadbeefdeadbeefdeadbeefdeadbeefdeadbeef samples_sha=89fca06abec0… kfp=f5a2f6070000…
[freeze] 三件套已落盘 : C:\Users\Turn-\AppData\Local\Temp\tmp9_6qfosr\triple.json
[freeze] VERDICT  : PASS（G-A 过；可比性 = DRIFTED）
[freeze] samples  : C:\Users\Turn-\AppData\Local\Temp\tmpl_vyn5gx\samples_frozen_20260910.jsonl
[freeze] rows     : 2
[freeze] sha256   : 89fca06abec0921e7a0a8fb91406db044db7e0ffd7fdc4c33371a6d1fe985106  (LF 归一，判定口径)
[freeze] raw-bytes: 0f46a47910690de70ad855ca2151071e5158598095fd3fd5d684f5946b109de1  (仅记录；CRLF 差异不判失败)
[freeze] meta     : samples_frozen_20260910.meta.json  记录 sha256=89fca06abec0921e7a0a8fb91406db044db7e0ffd7fdc4c33371a6d1fe985106
[freeze] G-A 样本 sha 一致 : OK
[freeze] kfp 留档 : f5a2f60700000000000000000000000000000000000000000000000000000000  <- kline_fingerprint_20260910.json
[freeze] kfp 当前 : f5a2f60700000000000000000000000000000000000000000000000000000000
[freeze] G-B K线指纹 : INCOMPLETE（当前缓存缺/坏码 1 项，聚合指纹有空洞，比对不成立: ['000001.json(stock:requested-missing)']）（不一致 ⇒ 本轮数字与锚定历史轮次**不可比**，报告必须原样记录且不得引用历史绝对值作门槛）
[freeze] triple   : code=deadbeefdeadbeefdeadbeefdeadbeefdeadbeef samples_sha=89fca06abec0… kfp=f5a2f6070000…
[freeze] 三件套已落盘 : C:\Users\Turn-\AppData\Local\Temp\tmpl_vyn5gx\triple.json
[freeze] VERDICT  : PASS（G-A 过；可比性 = INCOMPLETE）
[freeze] samples  : C:\Users\Turn-\AppData\Local\Temp\tmpfaks0j22\samples_frozen_20260910.jsonl
[freeze] rows     : 2
[freeze] sha256   : 89fca06abec0921e7a0a8fb91406db044db7e0ffd7fdc4c33371a6d1fe985106  (LF 归一，判定口径)
[freeze] raw-bytes: 0f46a47910690de70ad855ca2151071e5158598095fd3fd5d684f5946b109de1  (仅记录；CRLF 差异不判失败)
[freeze] meta     : samples_frozen_20260910.meta.json  记录 sha256=89fca06abec0921e7a0a8fb91406db044db7e0ffd7fdc4c33371a6d1fe985106
[freeze] G-A 样本 sha 一致 : OK
[freeze] kfp 留档 : f5a2f60700000000000000000000000000000000000000000000000000000000  <- kline_fingerprint_20260910.json
[freeze] kfp 当前 : f5a2f60700000000000000000000000000000000000000000000000000000000
[freeze] G-B K线指纹 : SAME
[freeze] triple   : code=deadbeefdeadbeefdeadbeefdeadbeefdeadbeef samples_sha=89fca06abec0… kfp=f5a2f6070000…
[freeze] VERDICT  : PASS（G-A 过；可比性 = SAME）
[freeze] samples  : C:\Users\Turn-\AppData\Local\Temp\tmpq9sc4n9j\samples_frozen_20260910.jsonl
[freeze] rows     : 2
[freeze] sha256   : 89fca06abec0921e7a0a8fb91406db044db7e0ffd7fdc4c33371a6d1fe985106  (LF 归一，判定口径)
[freeze] raw-bytes: 0f46a47910690de70ad855ca2151071e5158598095fd3fd5d684f5946b109de1  (仅记录；CRLF 差异不判失败)
[freeze] meta     : samples_frozen_20260910.meta.json  记录 sha256=89fca06abec0921e7a0a8fb91406db044db7e0ffd7fdc4c33371a6d1fe985106
[freeze] G-A 样本 sha 一致 : OK
[freeze] kfp 留档 : f5a2f60700000000000000000000000000000000000000000000000000000000  <- kline_fingerprint_20260910.json
[freeze] kfp 当前 : f5a2f60700000000000000000000000000000000000000000000000000000000
[freeze] G-B K线指纹 : SAME
[freeze] triple   : code=deadbeefdeadbeefdeadbeefdeadbeefdeadbeef samples_sha=89fca06abec0… kfp=f5a2f6070000…
[freeze] 三件套已落盘 : C:\Users\Turn-\AppData\Local\Temp\tmpq9sc4n9j\triple.json.....................................................sss...........................................................................................................D:\PythonProject\QuantV1\backtest_forecast.py:125: ConstantInputWarning: An input array is constant; the correlation coefficient is not defined.
  r, _ = spearmanr(xs, ys)
..............................................................................................................................................D:\PythonProject\QuantV1\backtest_forecast.py:125: ConstantInputWarning: An input array is constant; the correlation coefficient is not defined.
  r, _ = spearmanr(xs, ys)
........................................
[freeze] VERDICT  : PASS（G-A 过；可比性 = SAME）
[freeze] samples  : C:\Users\Turn-\AppData\Local\Temp\tmp96xyb0n7\samples_frozen_20260910.jsonl
[freeze] rows     : 2
[freeze] sha256   : 89fca06abec0921e7a0a8fb91406db044db7e0ffd7fdc4c33371a6d1fe985106  (LF 归一，判定口径)
[freeze] raw-bytes: 0f46a47910690de70ad855ca2151071e5158598095fd3fd5d684f5946b109de1  (仅记录；CRLF 差异不判失败)
[freeze] meta     : samples_frozen_20260910.meta.json  记录 sha256=89fca06abec0921e7a0a8fb91406db044db7e0ffd7fdc4c33371a6d1fe985106
[freeze] G-A 样本 sha 一致 : OK
[freeze] kfp 留档 : cccc000000000000000000000000000000000000000000000000000000000000  <- gone.json
[freeze] kfp 当前 : aaaa000000000000000000000000000000000000000000000000000000000000
[freeze] G-B K线指纹 : DRIFTED（不一致 ⇒ 本轮数字与锚定历史轮次**不可比**，报告必须原样记录且不得引用历史绝对值作门槛）
[freeze] triple   : code=deadbeefdeadbeefdeadbeefdeadbeefdeadbeef samples_sha=89fca06abec0… kfp=cccc00000000…
[freeze] 三件套已落盘 : C:\Users\Turn-\AppData\Local\Temp\tmp96xyb0n7\triple.json
[freeze] VERDICT  : PASS（G-A 过；可比性 = DRIFTED）
[frozen] 消费冻结件: samples_frozen_20260910.jsonl
[frozen] G-A 内部完整性 : INVALID（冻结时带降级/频控征兆: ['DegradedResponse']）
[frozen] VERDICT: INVALID —— 快照完整性失败，fail-closed，拒绝继续。
[frozen] 消费冻结件: samples_frozen_20260910.jsonl
[frozen] G-A 内部完整性 : PASS（PASS（sha=89fca06abec0… n=2））
[frozen] G-B K线指纹    : SAME
[frozen] 消费冻结件: samples_frozen_20260910.jsonl
[frozen] G-A 内部完整性 : PASS（PASS（sha=89fca06abec0… n=2））
[frozen] G-B K线指纹    : SAME
[frozen] 消费冻结件: samples_frozen_20260910.jsonl
[frozen] G-A 内部完整性 : PASS（PASS（sha=89fca06abec0… n=2））
[frozen] G-B K线指纹    : SAME
[frozen] 消费冻结件: samples_frozen_20260910.jsonl
[frozen] G-A 内部完整性 : PASS（PASS（sha=89fca06abec0… n=2））
[frozen] G-B K线指纹    : DRIFTED（本轮数字与锚定历史轮次**不可比**，报告必须原样记录且不得引用历史绝对值作门槛）
[frozen] 消费冻结件: samples_frozen_20260910.jsonl
[frozen] G-A 内部完整性 : PASS（PASS（sha=89fca06abec0… n=2））
[frozen] G-B UNKNOWN: 缺留档或重算聚合 sha
[frozen] G-B K线指纹    : UNKNOWN
[frozen] 消费冻结件: samples_frozen_20260915.jsonl
[frozen] G-A 内部完整性 : PASS（PASS（sha=89fca06abec0… n=2））
[frozen] G-B K线指纹    : SAME
[frozen] 消费冻结件: samples_frozen_20260910.jsonl
[frozen] G-A 内部完整性 : PASS（PASS（sha=89fca06abec0… n=2））
[frozen] G-B K线指纹    : SAME
[frozen] 消费冻结件: samples_frozen_20260910.jsonl
[frozen] G-A 内部完整性 : INVALID（meta 侧车不可解析（fail-closed）: JSONDecodeError）
[frozen] VERDICT: INVALID —— 快照完整性失败，fail-closed，拒绝继续。
[frozen] 消费冻结件: samples_frozen_20260910.jsonl
[frozen] G-A 内部完整性 : INVALID（meta 侧车顶层非 object（fail-closed）: list）
[frozen] VERDICT: INVALID —— 快照完整性失败，fail-closed，拒绝继续。
[frozen] 消费冻结件: samples_frozen_20260910.jsonl
[frozen] G-A 内部完整性 : INVALID（meta 侧车顶层非 object（fail-closed）: str）
[frozen] VERDICT: INVALID —— 快照完整性失败，fail-closed，拒绝继续。
[frozen] 消费冻结件: samples_frozen_20260910.jsonl
[frozen] G-A 内部完整性 : INVALID（meta 侧车顶层非 object（fail-closed）: int）
[frozen] VERDICT: INVALID —— 快照完整性失败，fail-closed，拒绝继续。
[frozen] MISSING —— 无冻结样本（forecast_outputs/samples_frozen_*.jsonl），且未指定 --fresh。fail-closed：拒绝静默活拉兜底。
          处置：先跑 experiments/forecast_lab/freeze_samples.py 冻结，或显式 --fresh 活拉（数字与冻结基线不可比）。
[frozen] 消费冻结件: samples_frozen_20260910.jsonl
[frozen] G-A 内部完整性 : PASS（PASS（sha=89fca06abec0… n=2））
[frozen] G-B K线指纹    : SAME
[frozen] 消费冻结件: samples_frozen_20260910.jsonl
[frozen] G-A 内部完整性 : INVALID（n_samples 类型畸形（fail-closed，视同行数不符）: True（bool））
[frozen] VERDICT: INVALID —— 快照完整性失败，fail-closed，拒绝继续。
[frozen] 消费冻结件: samples_frozen_20260910.jsonl
[frozen] G-A 内部完整性 : INVALID（n_samples 类型畸形（fail-closed，视同行数不符）: None（NoneType））
[frozen] VERDICT: INVALID —— 快照完整性失败，fail-closed，拒绝继续。
[frozen] 消费冻结件: samples_frozen_20260910.jsonl
[frozen] G-A 内部完整性 : INVALID（n_samples 类型畸形（fail-closed，视同行数不符）: '99'（str））
[frozen] VERDICT: INVALID —— 快照完整性失败，fail-closed，拒绝继续。
[frozen] 消费冻结件: samples_frozen_20260910.jsonl
[frozen] G-A 内部完整性 : INVALID（行数不符（meta=99 / 实际=2））
[frozen] VERDICT: INVALID —— 快照完整性失败，fail-closed，拒绝继续。
[frozen] 消费冻结件: samples_frozen_20260910.jsonl
[frozen] G-A 内部完整性 : PASS（PASS（sha=89fca06abec0… n=2））
[frozen] G-B kfp 留档 REJECT: V4.3 scoped 件缺 kline_fingerprint_*.json 侧车（meta 无法恢复 universe 码表，混口径重算不可信）——fail-closed 判 UNKNOWN，请补回侧车或重新冻结
[frozen] G-B K线指纹    : UNKNOWN
[frozen] 消费冻结件: samples_frozen_20260910.jsonl
[frozen] G-A 内部完整性 : PASS（PASS（sha=89fca06abec0… n=2））
[frozen] G-B K线指纹    : DRIFTED（本轮数字与锚定历史轮次**不可比**，报告必须原样记录且不得引用历史绝对值作门槛）
[frozen] MISSING —— 无冻结样本（forecast_outputs/samples_frozen_*.jsonl），且未指定 --fresh。fail-closed：拒绝静默活拉兜底。
          处置：先跑 experiments/forecast_lab/freeze_samples.py 冻结，或显式 --fresh 活拉（数字与冻结基线不可比）。
[frozen] 消费冻结件: samples_frozen_20260910.jsonl
[frozen] G-A 内部完整性 : INVALID（冻结时带个股K线失败（1 码，数据质量门禁）: [{'code': '000001', 'error': 'x'}]）
[frozen] VERDICT: INVALID —— 快照完整性失败，fail-closed，拒绝继续。
[frozen] 消费冻结件: samples_frozen_20260910.jsonl
[frozen] G-A 内部完整性 : INVALID（样本 sha 不符（记录 89fca06abec0… / 实际 28460b632d65…））
[frozen] VERDICT: INVALID —— 快照完整性失败，fail-closed，拒绝继续。
[frozen] 消费冻结件: samples_frozen_20260910.jsonl
[frozen] G-A 内部完整性 : PASS（PASS（sha=89fca06abec0… n=2））
[frozen] G-B INCOMPLETE: 当前缓存缺/坏码 1 项，聚合指纹有空洞，比对不成立: ['000001.json(stock:requested-missing)']
[frozen] G-B K线指纹    : INCOMPLETE（本轮数字与锚定历史轮次**不可比**，报告必须原样记录且不得引用历史绝对值作门槛）
[warn] 运行清单写入失败（本次运行判为 DEGRADED）：ValueError 清单掩码后仍残留基金代码 ['999999']（P0-2：run_manifest 随仓库跟踪，不得写代码）
[warn] 运行清单写入失败（本次运行判为 DEGRADED）：ValueError 清单掩码后仍残留基金代码 ['999999']（P0-2：run_manifest 随仓库跟踪，不得写代码）
[exit] DEGRADED（1 项降级：run_manifest_write_failed）
[mani] 运行清单 → output/run_manifest/run_manifest_20260918_145600_post.json（status=DEGRADED）
[mani] 运行清单 → output/run_manifest/run_manifest_20260918_145600_post.json（status=SUCCESS）
[mani] 运行清单 → output/run_manifest/run_manifest_20260918_145600_post.json（status=DEGRADED）
[mani] 运行清单 → output/run_manifest/run_manifest_20260918_145600_post.json（status=DEGRADED）
[exit] DEGRADED（1 项降级：fund_data_fallback:002112）
[ok] 门 B 独立复算：pooled 指标（含 CI）与冻结件 + artifact 字节重算值逐位相等..................................................................................................................................................................................................................................................................................
======================================================================
FAIL: test_no_heavy_import_side_effect (tests.test_audit_hygiene.TestShadowChannelsAST.test_no_heavy_import_side_effect)
裁决依据留痕：判据不得把 shadow_policy 拉进 sys.modules（18 倍代价）。
----------------------------------------------------------------------
Traceback (most recent call last):
  File "D:\PythonProject\QuantV1\tests\test_audit_hygiene.py", line 455, in test_no_heavy_import_side_effect
    self.assertNotIn("shadow_policy", sys.modules)
AssertionError: 'shadow_policy' unexpectedly found in {'sys': <module 'sys' (built-in)>, 'builtins': <module 'builtins' (built-in)>, '_frozen_importlib': <module '_frozen_importlib' (frozen)>, '_imp': <module '_imp' (built-in)>, '_thread': <module '_thread' (built-in)>, '_warnings': <module '_warnings' (built-in)>, '_weakref': <module '_weakref' (built-in)>, 'winreg': <module 'winreg' (built-in)>, '_io': <module '_io' (built-in)>, 'marshal': <module 'marshal' (built-in)>, 'nt': <module 'nt' (built-in)>, '_frozen_importlib_external': <module '_frozen_importlib_external' (frozen)>, 'time': <module 'time' (built-in)>, 'zipimport': <module 'zipimport' (frozen)>, '_codecs': <module '_codecs' (built-in)>, 'codecs': <module 'codecs' (frozen)>, 'encodings.aliases': <module 'encodings.aliases' from 'C:\\Users\\Turn-\\AppData\\Roaming\\uv\\python\\cpython-3.12-windows-x86_64-none\\Lib\\encodings\\aliases.py'>, 'encodings': <module 'encodings' from 'C:\\Users\\Turn-\\AppData\\Roaming\\uv\\python\\cpython-3.12-windows-x86_64-none\\Lib\\encodings\\__init__.py'>, 'encodings.utf_8': <module 'encodings.utf_8' from 'C:\\Users\\Turn-\\AppData\\Roaming\\uv\\python\\cpython-3.12-windows-x86_64-none\\Lib\\encodings\\utf_8.py'>, '_signal': <module '_signal' (built-in)>, '_abc': <module '_abc' (built-in)>, 'abc': <module 'abc' (frozen)>, 'io': <module 'io' (frozen)>, '__main__': <module '__main__' from 'D:\\PythonProject\\QuantV1\\run_tests.py'>, '_stat': <module '_stat' (built-in)>, 'stat': <module 'stat' (frozen)>, '_collections_abc': <module '_collections_abc' (frozen)>, 'genericpath': <module 'genericpath' (frozen)>, '_winapi': <module '_winapi' (built-in)>, 'ntpath': <module 'ntpath' (frozen)>, 'os.path': <module 'ntpath' (frozen)>, 'os': <module 'os' (frozen)>, '_sitebuiltins': <module '_sitebuiltins' (frozen)>, 'encodings.utf_8_sig': <module 'encodings.utf_8_sig' from 'C:\\Users\\Turn-\\AppData\\Roaming\\uv\\python\\cpython-3.12-windows-x86_64-none\\Lib\\encodings\\utf_8_sig.py'>, 'itertools': <module 'itertools' (built-in)>, 'keyword': <module 'keyword' from 'C:\\Users\\Turn-\\AppData\\Roaming\\uv\\python\\cpython-3.12-windows-x86_64-none\\Lib\\keyword.py'>, '_operator': <module '_operator' (built-in)>, 'operator': <module 'operator' from 'C:\\Users\\Turn-\\AppData\\Roaming\\uv\\python\\cpython-3.12-windows-x86_64-none\\Lib\\operator.py'>, 'reprlib': <module 'reprlib' from 'C:\\Users\\Turn-\\AppData\\Roaming\\uv\\python\\cpython-3.12-windows-x86_64-none\\Lib\\reprlib.py'>, '_collections': <module '_collections' (built-in)>, 'collections': <module 'collections' from 'C:\\Users\\Turn-\\AppData\\Roaming\\uv\\python\\cpython-3.12-windows-x86_64-none\\Lib\\collections\\__init__.py'>, 'types': <module 'types' from 'C:\\Users\\Turn-\\AppData\\Roaming\\uv\\python\\cpython-3.12-windows-x86_64-none\\Lib\\types.py'>, '_functools': <module '_functools' (built-in)>, 'functools': <module 'functools' from 'C:\\Users\\Turn-\\AppData\\Roaming\\uv\\python\\cpython-3.12-windows-x86_64-none\\Lib\\functools.py'>, 'contextlib': <module 'contextlib' from 'C:\\Users\\Turn-\\AppData\\Roaming\\uv\\python\\cpython-3.12-windows-x86_64-none\\Lib\\contextlib.py'>, '_virtualenv': <module '_virtualenv' from 'D:\\PythonProject\\QuantV1\\.venv\\Lib\\site-packages\\_virtualenv.py'>, 'site': <module 'site' (frozen)>, '__future__': <module '__future__' from 'C:\\Users\\Turn-\\AppData\\Roaming\\uv\\python\\cpython-3.12-windows-x86_64-none\\Lib\\__future__.py'>, 'enum': <module 'enum' from 'C:\\Users\\Turn-\\AppData\\Roaming\\uv\\python\\cpython-3.12-windows-x86_64-none\\Lib\\enum.py'>, '_sre': <module '_sre' (built-in)>, 're._constants': <module 're._constants' from 'C:\\Users\\Turn-\\AppData\\Roaming\\uv\\python\\cpython-3.12-windows-x86_64-none\\Lib\\re\\_constants.py'>, 're._parser': <module 're._parser' from 'C:\\Users\\Turn-\\AppData\\Roaming\\uv\\python\\cpython-3.12-windows-x86_64-none\\Lib\\re\\_parser.py'>, 're._casefix': <module 're._casefix' from 'C:\\Users\\Turn-\\AppData\\Roaming\\uv\\python\\cpython-3.12-windows-x86_64-none\\Lib\\re\\_casefix.py'>, 're._compiler': <module 're._compiler' from 'C:\\Users\\Turn-\\AppData\\Roaming\\uv\\python\\cpython-3.12-windows-x86_64-none\\Lib\\re\\_compiler.py'>, 'copyreg': <module 'copyreg' from 'C:\\Users\\Turn-\\AppData\\Roaming\\uv\\python\\cpython-3.12-windows-x86_64-none\\Lib\\copyreg.py'>, 're': <module 're' from 'C:\\Users\\Turn-\\AppData\\Roaming\\uv\\python\\cpython-3.12-windows-x86_64-none\\Lib\\re\\__init__.py'>, 'warnings': <module 'warnings' from 'C:\\Users\\Turn-\\AppData\\Roaming\\uv\\python\\cpython-3.12-windows-x86_64-none\\Lib\\warnings.py'>, 'gettext': <module 'gettext' from 'C:\\Users\\Turn-\\AppData\\Roaming\\uv\\python\\cpython-3.12-windows-x86_64-none\\Lib\\gettext.py'>, 'argparse': <module 'argparse' from 'C:\\Users\\Turn-\\AppData\\Roaming\\uv\\python\\cpython-3.12-windows-x86_64-none\\Lib\\argparse.py'>, 'collections.abc': <module 'collections.abc' from 'C:\\Users\\Turn-\\AppData\\Roaming\\uv\\python\\cpython-3.12-windows-x86_64-none\\Lib\\collections\\abc.py'>, 'token': <module 'token' from 'C:\\Users\\Turn-\\AppData\\Roaming\\uv\\python\\cpython-3.12-windows-x86_64-none\\Lib\\token.py'>, '_tokenize': <module '_tokenize' (built-in)>, 'tokenize': <module 'tokenize' from 'C:\\Users\\Turn-\\AppData\\Roaming\\uv\\python\\cpython-3.12-windows-x86_64-none\\Lib\\tokenize.py'>, 'linecache': <module 'linecache' from 'C:\\Users\\Turn-\\AppData\\Roaming\\uv\\python\\cpython-3.12-windows-x86_64-none\\Lib\\linecache.py'>, 'textwrap': <module 'textwrap' from 'C:\\Users\\Turn-\\AppData\\Roaming\\uv\\python\\cpython-3.12-windows-x86_64-none\\Lib\\textwrap.py'>, 'traceback': <module 'traceback' from 'C:\\Users\\Turn-\\AppData\\Roaming\\uv\\python\\cpython-3.12-windows-x86_64-none\\Lib\\traceback.py'>, 'unittest.util': <module 'unittest.util' from 'C:\\Users\\Turn-\\AppData\\Roaming\\uv\\python\\cpython-3.12-windows-x86_64-none\\Lib\\unittest\\util.py'>, 'unittest.result': <module 'unittest.result' from 'C:\\Users\\Turn-\\AppData\\Roaming\\uv\\python\\cpython-3.12-windows-x86_64-none\\Lib\\unittest\\result.py'>, '_heapq': <module '_heapq' (built-in)>, 'heapq': <module 'heapq' from 'C:\\Users\\Turn-\\AppData\\Roaming\\uv\\python\\cpython-3.12-windows-x86_64-none\\Lib\\heapq.py'>, 'difflib': <module 'difflib' from 'C:\\Users\\Turn-\\AppData\\Roaming\\uv\\python\\cpython-3.12-windows-x86_64-none\\Lib\\difflib.py'>, '_weakrefset': <module '_weakrefset' from 'C:\\Users\\Turn-\\AppData\\Roaming\\uv\\python\\cpython-3.12-windows-x86_64-none\\Lib\\_weakrefset.py'>, 'weakref': <module 'weakref' from 'C:\\Users\\Turn-\\AppData\\Roaming\\uv\\python\\cpython-3.12-windows-x86_64-none\\Lib\\weakref.py'>, 'copy': <module 'copy' from 'C:\\Users\\Turn-\\AppData\\Roaming\\uv\\python\\cpython-3.12-windows-x86_64-none\\Lib\\copy.py'>, '_ast': <module '_ast' (built-in)>, 'ast': <module 'ast' from 'C:\\Users\\Turn-\\AppData\\Roaming\\uv\\python\\cpython-3.12-windows-x86_64-none\\Lib\\ast.py'>, '_opcode': <module '_opcode' (built-in)>, 'opcode': <module 'opcode' from 'C:\\Users\\Turn-\\AppData\\Roaming\\uv\\python\\cpython-3.12-windows-x86_64-none\\Lib\\opcode.py'>, 'dis': <module 'dis' from 'C:\\Users\\Turn-\\AppData\\Roaming\\uv\\python\\cpython-3.12-windows-x86_64-none\\Lib\\dis.py'>, 'importlib._bootstrap': <module '_frozen_importlib' (frozen)>, 'importlib._bootstrap_external': <module '_frozen_importlib_external' (frozen)>, 'importlib': <module 'importlib' from 'C:\\Users\\Turn-\\AppData\\Roaming\\uv\\python\\cpython-3.12-windows-x86_64-none\\Lib\\importlib\\__init__.py'>, 'importlib.machinery': <module 'importlib.machinery' (frozen)>, 'inspect': <module 'inspect' from 'C:\\Users\\Turn-\\AppData\\Roaming\\uv\\python\\cpython-3.12-windows-x86_64-none\\Lib\\inspect.py'>, 'dataclasses': <module 'dataclasses' from 'C:\\Users\\Turn-\\AppData\\Roaming\\uv\\python\\cpython-3.12-windows-x86_64-none\\Lib\\dataclasses.py'>, 'pprint': <module 'pprint' from 'C:\\Users\\Turn-\\AppData\\Roaming\\uv\\python\\cpython-3.12-windows-x86_64-none\\Lib\\pprint.py'>, 'unittest.case': <module 'unittest.case' from 'C:\\Users\\Turn-\\AppData\\Roaming\\uv\\python\\cpython-3.12-windows-x86_64-none\\Lib\\unittest\\case.py'>, 'unittest.suite': <module 'unittest.suite' from 'C:\\Users\\Turn-\\AppData\\Roaming\\uv\\python\\cpython-3.12-windows-x86_64-none\\Lib\\unittest\\suite.py'>, 'posixpath': <module 'posixpath' (frozen)>, 'fnmatch': <module 'fnmatch' from 'C:\\Users\\Turn-\\AppData\\Roaming\\uv\\python\\cpython-3.12-windows-x86_64-none\\Lib\\fnmatch.py'>, 'unittest.loader': <module 'unittest.loader' from 'C:\\Users\\Turn-\\AppData\\Roaming\\uv\\python\\cpython-3.12-windows-x86_64-none\\Lib\\unittest\\loader.py'>, 'signal': <module 'signal' from 'C:\\Users\\Turn-\\AppData\\Roaming\\uv\\python\\cpython-3.12-windows-x86_64-none\\Lib\\signal.py'>, 'unittest.signals': <module 'unittest.signals' from 'C:\\Users\\Turn-\\AppData\\Roaming\\uv\\python\\cpython-3.12-windows-x86_64-none\\Lib\\unittest\\signals.py'>, 'unittest.runner': <module 'unittest.runner' from 'C:\\Users\\Turn-\\AppData\\Roaming\\uv\\python\\cpython-3.12-windows-x86_64-none\\Lib\\unittest\\runner.py'>, 'unittest.main': <module 'unittest.main' from 'C:\\Users\\Turn-\\AppData\\Roaming\\uv\\python\\cpython-3.12-windows-x86_64-none\\Lib\\unittest\\main.py'>, 'unittest': <module 'unittest' from 'C:\\Users\\Turn-\\AppData\\Roaming\\uv\\python\\cpython-3.12-windows-x86_64-none\\Lib\\unittest\\__init__.py'>, 'errno': <module 'errno' (built-in)>, 'urllib': <module 'urllib' from 'C:\\Users\\Turn-\\AppData\\Roaming\\uv\\python\\cpython-3.12-windows-x86_64-none\\Lib\\urllib\\__init__.py'>, 'math': <module 'math' (built-in)>, 'ipaddress': <module 'ipaddress' from 'C:\\Users\\Turn-\\AppData\\Roaming\\uv\\python\\cpython-3.12-windows-x86_64-none\\Lib\\ipaddress.py'>, 'urllib.parse': <module 'urllib.parse' from 'C:\\Users\\Turn-\\AppData\\Roaming\\uv\\python\\cpython-3.12-windows-x86_64-none\\Lib\\urllib\\parse.py'>, 'pathlib': <module 'pathlib' from 'C:\\Users\\Turn-\\AppData\\Roaming\\uv\\python\\cpython-3.12-windows-x86_64-none\\Lib\\pathlib.py'>, 'tests': <module 'tests' from 'D:\\PythonProject\\QuantV1\\tests\\__init__.py'>, 'tests.layers': <module 'tests.layers' from 'D:\\PythonProject\\QuantV1\\tests\\layers.py'>, '_locale': <module '_locale' (built-in)>, 'locale': <module 'locale' from 'C:\\Users\\Turn-\\AppData\\Roaming\\uv\\python\\cpython-3.12-windows-x86_64-none\\Lib\\locale.py'>, 'zlib': <module 'zlib' (built-in)>, '_compression': <module '_compression' from 'C:\\Users\\Turn-\\AppData\\Roaming\\uv\\python\\cpython-3.12-windows-x86_64-none\\Lib\\_compression.py'>, '_bz2': <module '_bz2' from 'C:\\Users\\Turn-\\AppData\\Roaming\\uv\\python\\cpython-3.12-windows-x86_64-none\\DLLs\\_bz2.pyd'>, 'bz2': <module 'bz2' from 'C:\\Users\\Turn-\\AppData\\Roaming\\uv\\python\\cpython-3.12-windows-x86_64-none\\Lib\\bz2.py'>, '_lzma': <module '_lzma' from 'C:\\Users\\Turn-\\AppData\\Roaming\\uv\\python\\cpython-3.12-windows-x86_64-none\\DLLs\\_lzma.pyd'>, 'lzma': <module 'lzma' from 'C:\\Users\\Turn-\\AppData\\Roaming\\uv\\python\\cpython-3.12-windows-x86_64-none\\Lib\\lzma.py'>, 'shutil': <module 'shutil' from 'C:\\Users\\Turn-\\AppData\\Roaming\\uv\\python\\cpython-3.12-windows-x86_64-none\\Lib\\shutil.py'>, 'features_a158lite': <module 'features_a158lite' from 'D:\\PythonProject\\QuantV1\\experiments\\forecast_lab\\features_a158lite.py'>, 'tests.test_a158lite': <module 'tests.test_a158lite' from 'D:\\PythonProject\\QuantV1\\tests\\test_a158lite.py'>, '_datetime': <module '_datetime' (built-in)>, 'datetime': <module 'datetime' from 'C:\\Users\\Turn-\\AppData\\Roaming\\uv\\python\\cpython-3.12-windows-x86_64-none\\Lib\\datetime.py'>, 'numpy.version': <module 'numpy.version' from 'D:\\PythonProject\\QuantV1\\.venv\\Lib\\site-packages\\numpy\\version.py'>, 'numpy._expired_attrs_2_0': <module 'numpy._expired_attrs_2_0' from 'D:\\PythonProject\\QuantV1\\.venv\\Lib\\site-packages\\numpy\\_expired_attrs_2_0.py'>, 'numpy._utils._conversions': <module 'numpy._utils._conversions' from 'D:\\PythonProject\\QuantV1\\.venv\\Lib\\site-packages\\numpy\\_utils\\_conversions.py'>, 'numpy._utils': <module 'numpy._utils' from 'D:\\PythonProject\\QuantV1\\.venv\\Lib\\site-packages\\numpy\\_utils\\__init__.py'>, 'numpy._globals': <module 'numpy._globals' from 'D:\\PythonProject\\QuantV1\\.venv\\Lib\\site-packages\\numpy\\_globals.py'>, 'numpy._distributor_init': <module 'numpy._distributor_init' from 'D:\\PythonProject\\QuantV1\\.venv\\Lib\\site-packages\\numpy\\_distributor_init.py'>, 'numpy.exceptions': <module 'numpy.exceptions' from 'D:\\PythonProject\\QuantV1\\.venv\\Lib\\site-packages\\numpy\\exceptions.py'>, 'numpy._core._exceptions': <module 'numpy._core._exceptions' from 'D:\\PythonProject\\QuantV1\\.venv\\Lib\\site-packages\\numpy\\_core\\_exceptions.py'>, '_contextvars': <module '_contextvars' (built-in)>, 'contextvars': <module 'contextvars' from 'C:\\Users\\Turn-\\AppData\\Roaming\\uv\\python\\cpython-3.12-windows-x86_64-none\\Lib\\contextvars.py'>, 'numpy._core.printoptions': <module 'numpy._core.printoptions' from 'D:\\PythonProject\\QuantV1\\.venv\\Lib\\site-packages\\numpy\\_core\\printoptions.py'>, 'numpy.dtypes': <module 'numpy.dtypes' from 'D:\\PythonProject\\QuantV1\\.venv\\Lib\\site-packages\\numpy\\dtypes.py'>, 'numpy._core._multiarray_umath': <module 'numpy._core._multiarray_umath' from 'D:\\PythonProject\\QuantV1\\.venv\\Lib\\site-packages\\numpy\\_core\\_multiarray_umath.cp312-win_amd64.pyd'>, 'numpy._utils._inspect': <module 'numpy._utils._inspect' from 'D:\\PythonProject\\QuantV1\\.venv\\Lib\\site-packages\\numpy\\_utils\\_inspect.py'>, 'numpy._core.overrides': <module 'numpy._core.overrides' from 'D:\\PythonProject\\QuantV1\\.venv\\Lib\\site-packages\\numpy\\_core\\overrides.py'>, 'numpy._core.multiarray': <module 'numpy._core.multiarray' from 'D:\\PythonProject\\QuantV1\\.venv\\Lib\\site-packages\\numpy\\_core\\multiarray.py'>, 'numpy._core.umath': <module 'numpy._core.umath' from 'D:\\PythonProject\\QuantV1\\.venv\\Lib\\site-packages\\numpy\\_core\\umath.py'>, 'numbers': <module 'numbers' from 'C:\\Users\\Turn-\\AppData\\Roaming\\uv\\python\\cpython-3.12-windows-x86_64-none\\Lib\\numbers.py'>, 'numpy._core._string_helpers': <module 'numpy._core._string_helpers' from 'D:\\PythonProject\\QuantV1\\.venv\\Lib\\site-packages\\numpy\\_core\\_string_helpers.py'>, 'numpy._core._type_aliases': <module 'numpy._core._type_aliases' from 'D:\\PythonProject\\QuantV1\\.venv\\Lib\\site-packages\\numpy\\_core\\_type_aliases.py'>, 'numpy._core.numerictypes': <module 'numpy._core.numerictypes' from 'D:\\PythonProject\\QuantV1\\.venv\\Lib\\site-packages\\numpy\\_core\\numerictypes.py'>, '_struct': <module '_struct' (built-in)>, 'struct': <module 'struct' from 'C:\\Users\\Turn-\\AppData\\Roaming\\uv\\python\\cpython-3.12-windows-x86_64-none\\Lib\\struct.py'>, '_compat_pickle': <module '_compat_pickle' from 'C:\\Users\\Turn-\\AppData\\Roaming\\uv\\python\\cpython-3.12-windows-x86_64-none\\Lib\\_compat_pickle.py'>, '_pickle': <module '_pickle' (built-in)>, 'pickle': <module 'pickle' from 'C:\\Users\\Turn-\\AppData\\Roaming\\uv\\python\\cpython-3.12-windows-x86_64-none\\Lib\\pickle.py'>, 'numpy._core._methods': <module 'numpy._core._methods' from 'D:\\PythonProject\\QuantV1\\.venv\\Lib\\site-packages\\numpy\\_core\\_methods.py'>, 'numpy._core.fromnumeric': <module 'numpy._core.fromnumeric' from 'D:\\PythonProject\\QuantV1\\.venv\\Lib\\site-packages\\numpy\\_core\\fromnumeric.py'>, 'numpy._core.shape_base': <module 'numpy._core.shape_base' from 'D:\\PythonProject\\QuantV1\\.venv\\Lib\\site-packages\\numpy\\_core\\shape_base.py'>, 'numpy._core._ufunc_config': <module 'numpy._core._ufunc_config' from 'D:\\PythonProject\\QuantV1\\.venv\\Lib\\site-packages\\numpy\\_core\\_ufunc_config.py'>, 'numpy._core._asarray': <module 'numpy._core._asarray' from 'D:\\PythonProject\\QuantV1\\.venv\\Lib\\site-packages\\numpy\\_core\\_asarray.py'>, 'numpy._core.arrayprint': <module 'numpy._core.arrayprint' from 'D:\\PythonProject\\QuantV1\\.venv\\Lib\\site-packages\\numpy\\_core\\arrayprint.py'>, 'numpy._core.numeric': <module 'numpy._core.numeric' from 'D:\\PythonProject\\QuantV1\\.venv\\Lib\\site-packages\\numpy\\_core\\numeric.py'>, 'numpy._core.einsumfunc': <module 'numpy._core.einsumfunc' from 'D:\\PythonProject\\QuantV1\\.venv\\Lib\\site-packages\\numpy\\_core\\einsumfunc.py'>, 'numpy._core.function_base': <module 'numpy._core.function_base' from 'D:\\PythonProject\\QuantV1\\.venv\\Lib\\site-packages\\numpy\\_core\\function_base.py'>, 'numpy._core.getlimits': <module 'numpy._core.getlimits' from 'D:\\PythonProject\\QuantV1\\.venv\\Lib\\site-packages\\numpy\\_core\\getlimits.py'>, 'numpy._core.memmap': <module 'numpy._core.memmap' from 'D:\\PythonProject\\QuantV1\\.venv\\Lib\\site-packages\\numpy\\_core\\memmap.py'>, 'numpy._core.records': <module 'numpy._core.records' from 'D:\\PythonProject\\QuantV1\\.venv\\Lib\\site-packages\\numpy\\_core\\records.py'>, 'numpy._core._add_newdocs': <module 'numpy._core._add_newdocs' from 'D:\\PythonProject\\QuantV1\\.venv\\Lib\\site-packages\\numpy\\_core\\_add_newdocs.py'>, 'numpy._core._add_newdocs_scalars': <module 'numpy._core._add_newdocs_scalars' from 'D:\\PythonProject\\QuantV1\\.venv\\Lib\\site-packages\\numpy\\_core\\_add_newdocs_scalars.py'>, 'numpy._core._dtype': <module 'numpy._core._dtype' from 'D:\\PythonProject\\QuantV1\\.venv\\Lib\\site-packages\\numpy\\_core\\_dtype.py'>, 'numpy._core._dtype_ctypes': <module 'numpy._core._dtype_ctypes' from 'D:\\PythonProject\\QuantV1\\.venv\\Lib\\site-packages\\numpy\\_core\\_dtype_ctypes.py'>, '_ctypes': <module '_ctypes' from 'C:\\Users\\Turn-\\AppData\\Roaming\\uv\\python\\cpython-3.12-windows-x86_64-none\\DLLs\\_ctypes.pyd'>, 'ctypes._endian': <module 'ctypes._endian' from 'C:\\Users\\Turn-\\AppData\\Roaming\\uv\\python\\cpython-3.12-windows-x86_64-none\\Lib\\ctypes\\_endian.py'>, 'ctypes': <module 'ctypes' from 'C:\\Users\\Turn-\\AppData\\Roaming\\uv\\python\\cpython-3.12-windows-x86_64-none\\Lib\\ctypes\\__init__.py'>, 'numpy._core._internal': <module 'numpy._core._internal' from 'D:\\PythonProject\\QuantV1\\.venv\\Lib\\site-packages\\numpy\\_core\\_internal.py'>, 'numpy._pytesttester': <module 'numpy._pytesttester' from 'D:\\PythonProject\\QuantV1\\.venv\\Lib\\site-packages\\numpy\\_pytesttester.py'>, 'numpy._core': <module 'numpy._core' from 'D:\\PythonProject\\QuantV1\\.venv\\Lib\\site-packages\\numpy\\_core\\__init__.py'>, 'numpy.__config__': <module 'numpy.__config__' from 'D:\\PythonProject\\QuantV1\\.venv\\Lib\\site-packages\\numpy\\__config__.py'>, '_typing': <module '_typing' (built-in)>, 'typing.io': <class 'typing.io'>, 'typing.re': <class 'typing.re'>, 'typing': <module 'typing' from 'C:\\Users\\Turn-\\AppData\\Roaming\\uv\\python\\cpython-3.12-windows-x86_64-none\\Lib\\typing.py'>, 'numpy._typing._nbit_base': <module 'numpy._typing._nbit_base' from 'D:\\PythonProject\\QuantV1\\.venv\\Lib\\site-packages\\numpy\\_typing\\_nbit_base.py'>, 'numpy._typing._nested_sequence': <module 'numpy._typing._nested_sequence' from 'D:\\PythonProject\\QuantV1\\.venv\\Lib\\site-packages\\numpy\\_typing\\_nested_sequence.py'>, 'numpy._typing._shape': <module 'numpy._typing._shape' from 'D:\\PythonProject\\QuantV1\\.venv\\Lib\\site-packages\\numpy\\_typing\\_shape.py'>, 'numpy._typing._array_like': <module 'numpy._typing._array_like' from 'D:\\PythonProject\\QuantV1\\.venv\\Lib\\site-packages\\numpy\\_typing\\_array_like.py'>, 'numpy._typing._char_codes': <module 'numpy._typing._char_codes' from 'D:\\PythonProject\\QuantV1\\.venv\\Lib\\site-packages\\numpy\\_typing\\_char_codes.py'>, 'numpy._typing._dtype_like': <module 'numpy._typing._dtype_like' from 'D:\\PythonProject\\QuantV1\\.venv\\Lib\\site-packages\\numpy\\_typing\\_dtype_like.py'>, 'numpy._typing._nbit': <module 'numpy._typing._nbit' from 'D:\\PythonProject\\QuantV1\\.venv\\Lib\\site-packages\\numpy\\_typing\\_nbit.py'>, 'numpy._typing._scalars': <module 'numpy._typing._scalars' from 'D:\\PythonProject\\QuantV1\\.venv\\Lib\\site-packages\\numpy\\_typing\\_scalars.py'>, 'numpy._typing._ufunc': <module 'numpy._typing._ufunc' from 'D:\\PythonProject\\QuantV1\\.venv\\Lib\\site-packages\\numpy\\_typing\\_ufunc.py'>, 'numpy._typing': <module 'numpy._typing' from 'D:\\PythonProject\\QuantV1\\.venv\\Lib\\site-packages\\numpy\\_typing\\__init__.py'>, 'numpy.lib._array_utils_impl': <module 'numpy.lib._array_utils_impl' from 'D:\\PythonProject\\QuantV1\\.venv\\Lib\\site-packages\\numpy\\lib\\_array_utils_impl.py'>, 'numpy.lib._stride_tricks_impl': <module 'numpy.lib._stride_tricks_impl' from 'D:\\PythonProject\\QuantV1\\.venv\\Lib\\site-packages\\numpy\\lib\\_stride_tricks_impl.py'>, 'numpy.lib._twodim_base_impl': <module 'numpy.lib._twodim_base_impl' from 'D:\\PythonProject\\QuantV1\\.venv\\Lib\\site-packages\\numpy\\lib\\_twodim_base_impl.py'>, 'numpy.lib.array_utils': <module 'numpy.lib.array_utils' from 'D:\\PythonProject\\QuantV1\\.venv\\Lib\\site-packages\\numpy\\lib\\array_utils.py'>, 'numpy.linalg._umath_linalg': <module 'numpy.linalg._umath_linalg' from 'D:\\PythonProject\\QuantV1\\.venv\\Lib\\site-packages\\numpy\\linalg\\_umath_linalg.cp312-win_amd64.pyd'>, 'numpy.linalg._linalg': <module 'numpy.linalg._linalg' from 'D:\\PythonProject\\QuantV1\\.venv\\Lib\\site-packages\\numpy\\linalg\\_linalg.py'>, 'numpy.linalg': <module 'numpy.linalg' from 'D:\\PythonProject\\QuantV1\\.venv\\Lib\\site-packages\\numpy\\linalg\\__init__.py'>, 'numpy.matrixlib.defmatrix': <module 'numpy.matrixlib.defmatrix' from 'D:\\PythonProject\\QuantV1\\.venv\\Lib\\site-packages\\numpy\\matrixlib\\defmatrix.py'>, 'numpy.matrixlib': <module 'numpy.matrixlib' from 'D:\\PythonProject\\QuantV1\\.venv\\Lib\\site-packages\\numpy\\matrixlib\\__init__.py'>, 'numpy.lib._histograms_impl': <module 'numpy.lib._histograms_impl' from 'D:\\PythonProject\\QuantV1\\.venv\\Lib\\site-packages\\numpy\\lib\\_histograms_impl.py'>, 'numpy.lib._function_base_impl': <module 'numpy.lib._function_base_impl' from 'D:\\PythonProject\\QuantV1\\.venv\\Lib\\site-packages\\numpy\\lib\\_function_base_impl.py'>, 'numpy.lib._index_tricks_impl': <module 'numpy.lib._index_tricks_impl' from 'D:\\PythonProject\\QuantV1\\.venv\\Lib\\site-packages\\numpy\\lib\\_index_tricks_impl.py'>, 'numpy.lib._arraypad_impl': <module 'numpy.lib._arraypad_impl' from 'D:\\PythonProject\\QuantV1\\.venv\\Lib\\site-packages\\numpy\\lib\\_arraypad_impl.py'>, 'numpy.lib._arraysetops_impl': <module 'numpy.lib._arraysetops_impl' from 'D:\\PythonProject\\QuantV1\\.venv\\Lib\\site-packages\\numpy\\lib\\_arraysetops_impl.py'>, 'numpy.lib._arrayterator_impl': <module 'numpy.lib._arrayterator_impl' from 'D:\\PythonProject\\QuantV1\\.venv\\Lib\\site-packages\\numpy\\lib\\_arrayterator_impl.py'>, 'numpy.lib._nanfunctions_impl': <module 'numpy.lib._nanfunctions_impl' from 'D:\\PythonProject\\QuantV1\\.venv\\Lib\\site-packages\\numpy\\lib\\_nanfunctions_impl.py'>, '_wmi': <module '_wmi' from 'C:\\Users\\Turn-\\AppData\\Roaming\\uv\\python\\cpython-3.12-windows-x86_64-none\\DLLs\\_wmi.pyd'>, 'platform': <module 'platform' from 'C:\\Users\\Turn-\\AppData\\Roaming\\uv\\python\\cpython-3.12-windows-x86_64-none\\Lib\\platform.py'>, 'numpy.lib._utils_impl': <module 'numpy.lib._utils_impl' from 'D:\\PythonProject\\QuantV1\\.venv\\Lib\\site-packages\\numpy\\lib\\_utils_impl.py'>, 'numpy.lib._format_impl': <module 'numpy.lib._format_impl' from 'D:\\PythonProject\\QuantV1\\.venv\\Lib\\site-packages\\numpy\\lib\\_format_impl.py'>, 'numpy.lib.format': <module 'numpy.lib.format' from 'D:\\PythonProject\\QuantV1\\.venv\\Lib\\site-packages\\numpy\\lib\\format.py'>, 'numpy.lib._datasource': <module 'numpy.lib._datasource' from 'D:\\PythonProject\\QuantV1\\.venv\\Lib\\site-packages\\numpy\\lib\\_datasource.py'>, 'numpy.lib._iotools': <module 'numpy.lib._iotools' from 'D:\\PythonProject\\QuantV1\\.venv\\Lib\\site-packages\\numpy\\lib\\_iotools.py'>, 'numpy.lib._npyio_impl': <module 'numpy.lib._npyio_impl' from 'D:\\PythonProject\\QuantV1\\.venv\\Lib\\site-packages\\numpy\\lib\\_npyio_impl.py'>, 'numpy.lib._ufunclike_impl': <module 'numpy.lib._ufunclike_impl' from 'D:\\PythonProject\\QuantV1\\.venv\\Lib\\site-packages\\numpy\\lib\\_ufunclike_impl.py'>, 'numpy.lib._type_check_impl': <module 'numpy.lib._type_check_impl' from 'D:\\PythonProject\\QuantV1\\.venv\\Lib\\site-packages\\numpy\\lib\\_type_check_impl.py'>, 'numpy.lib._polynomial_impl': <module 'numpy.lib._polynomial_impl' from 'D:\\PythonProject\\QuantV1\\.venv\\Lib\\site-packages\\numpy\\lib\\_polynomial_impl.py'>, 'numpy.lib._shape_base_impl': <module 'numpy.lib._shape_base_impl' from 'D:\\PythonProject\\QuantV1\\.venv\\Lib\\site-packages\\numpy\\lib\\_shape_base_impl.py'>, 'numpy.lib._version': <module 'numpy.lib._version' from 'D:\\PythonProject\\QuantV1\\.venv\\Lib\\site-packages\\numpy\\lib\\_version.py'>, 'numpy.lib.introspect': <module 'numpy.lib.introspect' from 'D:\\PythonProject\\QuantV1\\.venv\\Lib\\site-packages\\numpy\\lib\\introspect.py'>, 'numpy.lib.mixins': <module 'numpy.lib.mixins' from 'D:\\PythonProject\\QuantV1\\.venv\\Lib\\site-packages\\numpy\\lib\\mixins.py'>, 'numpy.lib.npyio': <module 'numpy.lib.npyio' from 'D:\\PythonProject\\QuantV1\\.venv\\Lib\\site-packages\\numpy\\lib\\npyio.py'>, 'numpy.lib._scimath_impl': <module 'numpy.lib._scimath_impl' from 'D:\\PythonProject\\QuantV1\\.venv\\Lib\\site-packages\\numpy\\lib\\_scimath_impl.py'>, 'numpy.lib.scimath': <module 'numpy.lib.scimath' from 'D:\\PythonProject\\QuantV1\\.venv\\Lib\\site-packages\\numpy\\lib\\scimath.py'>, 'numpy.lib.stride_tricks': <module 'numpy.lib.stride_tricks' from 'D:\\PythonProject\\QuantV1\\.venv\\Lib\\site-packages\\numpy\\lib\\stride_tricks.py'>, 'numpy.lib': <module 'numpy.lib' from 'D:\\PythonProject\\QuantV1\\.venv\\Lib\\site-packages\\numpy\\lib\\__init__.py'>, 'numpy._array_api_info': <module 'numpy._array_api_info' from 'D:\\PythonProject\\QuantV1\\.venv\\Lib\\site-packages\\numpy\\_array_api_info.py'>, 'numpy': <module 'numpy' from 'D:\\PythonProject\\QuantV1\\.venv\\Lib\\site-packages\\numpy\\__init__.py'>, '_json': <module '_json' (built-in)>, 'json.scanner': <module 'json.scanner' from 'C:\\Users\\Turn-\\AppData\\Roaming\\uv\\python\\cpython-3.12-windows-x86_64-none\\Lib\\json\\scanner.py'>, 'json.decoder': <module 'json.decoder' from 'C:\\Users\\Turn-\\AppData\\Roaming\\uv\\python\\cpython-3.12-windows-x86_64-none\\Lib\\json\\decoder.py'>, 'json.encoder': <module 'json.encoder' from 'C:\\Users\\Turn-\\AppData\\Roaming\\uv\\python\\cpython-3.12-windows-x86_64-none\\Lib\\json\\encoder.py'>, 'json': <module 'json' from 'C:\\Users\\Turn-\\AppData\\Roaming\\uv\\python\\cpython-3.12-windows-x86_64-none\\Lib\\json\\__init__.py'>, '_bisect': <module '_bisect' (built-in)>, 'bisect': <module 'bisect' from 'C:\\Users\\Turn-\\AppData\\Roaming\\uv\\python\\cpython-3.12-windows-x86_64-none\\Lib\\bisect.py'>, '_random': <module '_random' (built-in)>, '_sha2': <module '_sha2' (built-in)>, 'random': <module 'random' from 'C:\\Users\\Turn-\\AppData\\Roaming\\uv\\python\\cpython-3.12-windows-x86_64-none\\Lib\\random.py'>, 'http': <module 'http' from 'C:\\Users\\Turn-\\AppData\\Roaming\\uv\\python\\cpython-3.12-windows-x86_64-none\\Lib\\http\\__init__.py'>, 'email': <module 'email' from 'C:\\Users\\Turn-\\AppData\\Roaming\\uv\\python\\cpython-3.12-windows-x86_64-none\\Lib\\email\\__init__.py'>, 'email.errors': <module 'email.errors' from 'C:\\Users\\Turn-\\AppData\\Roaming\\uv\\python\\cpython-3.12-windows-x86_64-none\\Lib\\email\\errors.py'>, 'binascii': <module 'binascii' (built-in)>, '_string': <module '_string' (built-in)>, 'string': <module 'string' from 'C:\\Users\\Turn-\\AppData\\Roaming\\uv\\python\\cpython-3.12-windows-x86_64-none\\Lib\\string.py'>, 'email.quoprimime': <module 'email.quoprimime' from 'C:\\Users\\Turn-\\AppData\\Roaming\\uv\\python\\cpython-3.12-windows-x86_64-none\\Lib\\email\\quoprimime.py'>, 'base64': <module 'base64' from 'C:\\Users\\Turn-\\AppData\\Roaming\\uv\\python\\cpython-3.12-windows-x86_64-none\\Lib\\base64.py'>, 'email.base64mime': <module 'email.base64mime' from 'C:\\Users\\Turn-\\AppData\\Roaming\\uv\\python\\cpython-3.12-windows-x86_64-none\\Lib\\email\\base64mime.py'>, 'quopri': <module 'quopri' from 'C:\\Users\\Turn-\\AppData\\Roaming\\uv\\python\\cpython-3.12-windows-x86_64-none\\Lib\\quopri.py'>, 'email.encoders': <module 'email.encoders' from 'C:\\Users\\Turn-\\AppData\\Roaming\\uv\\python\\cpython-3.12-windows-x86_64-none\\Lib\\email\\encoders.py'>, 'email.charset': <module 'email.charset' from 'C:\\Users\\Turn-\\AppData\\Roaming\\uv\\python\\cpython-3.12-windows-x86_64-none\\Lib\\email\\charset.py'>, 'email.header': <module 'email.header' from 'C:\\Users\\Turn-\\AppData\\Roaming\\uv\\python\\cpython-3.12-windows-x86_64-none\\Lib\\email\\header.py'>, '_socket': <module '_socket' from 'C:\\Users\\Turn-\\AppData\\Roaming\\uv\\python\\cpython-3.12-windows-x86_64-none\\DLLs\\_socket.pyd'>, 'select': <module 'select' from 'C:\\Users\\Turn-\\AppData\\Roaming\\uv\\python\\cpython-3.12-windows-x86_64-none\\DLLs\\select.pyd'>, 'selectors': <module 'selectors' from 'C:\\Users\\Turn-\\AppData\\Roaming\\uv\\python\\cpython-3.12-windows-x86_64-none\\Lib\\selectors.py'>, 'socket': <module 'socket' from 'C:\\Users\\Turn-\\AppData\\Roaming\\uv\\python\\cpython-3.12-windows-x86_64-none\\Lib\\socket.py'>, 'calendar': <module 'calendar' from 'C:\\Users\\Turn-\\AppData\\Roaming\\uv\\python\\cpython-3.12-windows-x86_64-none\\Lib\\calendar.py'>, 'email._parseaddr': <module 'email._parseaddr' from 'C:\\Users\\Turn-\\AppData\\Roaming\\uv\\python\\cpython-3.12-windows-x86_64-none\\Lib\\email\\_parseaddr.py'>, 'email.utils': <module 'email.utils' from 'C:\\Users\\Turn-\\AppData\\Roaming\\uv\\python\\cpython-3.12-windows-x86_64-none\\Lib\\email\\utils.py'>, 'email._policybase': <module 'email._policybase' from 'C:\\Users\\Turn-\\AppData\\Roaming\\uv\\python\\cpython-3.12-windows-x86_64-none\\Lib\\email\\_policybase.py'>, 'email.feedparser': <module 'email.feedparser' from 'C:\\Users\\Turn-\\AppData\\Roaming\\uv\\python\\cpython-3.12-windows-x86_64-none\\Lib\\email\\feedparser.py'>, 'email.parser': <module 'email.parser' from 'C:\\Users\\Turn-\\AppData\\Roaming\\uv\\python\\cpython-3.12-windows-x86_64-none\\Lib\\email\\parser.py'>, 'email._encoded_words': <module 'email._encoded_words' from 'C:\\Users\\Turn-\\AppData\\Roaming\\uv\\python\\cpython-3.12-windows-x86_64-none\\Lib\\email\\_encoded_words.py'>, 'email.iterators': <module 'email.iterators' from 'C:\\Users\\Turn-\\AppData\\Roaming\\uv\\python\\cpython-3.12-windows-x86_64-none\\Lib\\email\\iterators.py'>, 'email.message': <module 'email.message' from 'C:\\Users\\Turn-\\AppData\\Roaming\\uv\\python\\cpython-3.12-windows-x86_64-none\\Lib\\email\\message.py'>, '_ssl': <module '_ssl' from 'C:\\Users\\Turn-\\AppData\\Roaming\\uv\\python\\cpython-3.12-windows-x86_64-none\\DLLs\\_ssl.pyd'>, 'ssl': <module 'ssl' from 'C:\\Users\\Turn-\\AppData\\Roaming\\uv\\python\\cpython-3.12-windows-x86_64-none\\Lib\\ssl.py'>, 'http.client': <module 'http.client' from 'C:\\Users\\Turn-\\AppData\\Roaming\\uv\\python\\cpython-3.12-windows-x86_64-none\\Lib\\http\\client.py'>, 'tempfile': <module 'tempfile' from 'C:\\Users\\Turn-\\AppData\\Roaming\\uv\\python\\cpython-3.12-windows-x86_64-none\\Lib\\tempfile.py'>, 'urllib.response': <module 'urllib.response' from 'C:\\Users\\Turn-\\AppData\\Roaming\\uv\\python\\cpython-3.12-windows-x86_64-none\\Lib\\urllib\\response.py'>, 'urllib.error': <module 'urllib.error' from 'C:\\Users\\Turn-\\AppData\\Roaming\\uv\\python\\cpython-3.12-windows-x86_64-none\\Lib\\urllib\\error.py'>, '_hashlib': <module '_hashlib' from 'C:\\Users\\Turn-\\AppData\\Roaming\\uv\\python\\cpython-3.12-windows-x86_64-none\\DLLs\\_hashlib.pyd'>, '_blake2': <module '_blake2' (built-in)>, 'hashlib': <module 'hashlib' from 'C:\\Users\\Turn-\\AppData\\Roaming\\uv\\python\\cpython-3.12-windows-x86_64-none\\Lib\\hashlib.py'>, 'nturl2path': <module 'nturl2path' from 'C:\\Users\\Turn-\\AppData\\Roaming\\uv\\python\\cpython-3.12-windows-x86_64-none\\Lib\\nturl2path.py'>, 'urllib.request': <module 'urllib.request' from 'C:\\Users\\Turn-\\AppData\\Roaming\\uv\\python\\cpython-3.12-windows-x86_64-none\\Lib\\urllib\\request.py'>, 'core.netutil': <module 'core.netutil' from 'D:\\PythonProject\\QuantV1\\core\\netutil.py'>, 'core': <module 'core' from 'D:\\PythonProject\\QuantV1\\core\\__init__.py'>, 'core.datasource.base': <module 'core.datasource.base' from 'D:\\PythonProject\\QuantV1\\core\\datasource\\base.py'>, 'core.datasource.health': <module 'core.datasource.health' from 'D:\\PythonProject\\QuantV1\\core\\datasource\\health.py'>, 'core.datasource.registry': <module 'core.datasource.registry' from 'D:\\PythonProject\\QuantV1\\core\\datasource\\registry.py'>, 'core.datasource.chain': <module 'core.datasource.chain' from 'D:\\PythonProject\\QuantV1\\core\\datasource\\chain.py'>, 'core.datasource': <module 'core.datasource' from 'D:\\PythonProject\\QuantV1\\core\\datasource\\__init__.py'>, 'core.datasource.providers': <module 'core.datasource.providers' from 'D:\\PythonProject\\QuantV1\\core\\datasource\\providers\\__init__.py'>, 'core.datasource.providers.fund_eastmoney': <module 'core.datasource.providers.fund_eastmoney' from 'D:\\PythonProject\\QuantV1\\core\\datasource\\providers\\fund_eastmoney.py'>, 'core.datasource.providers.fund_sina': <module 'core.datasource.providers.fund_sina' from 'D:\\PythonProject\\QuantV1\\core\\datasource\\providers\\fund_sina.py'>, 'core.data_loader': <module 'core.data_loader' from 'D:\\PythonProject\\QuantV1\\core\\data_loader.py'>, 'core.datasource.symbols': <module 'core.datasource.symbols' from 'D:\\PythonProject\\QuantV1\\core\\datasource\\symbols.py'>, 'core.datasource.providers.stock_eastmoney': <module 'core.datasource.providers.stock_eastmoney' from 'D:\\PythonProject\\QuantV1\\core\\datasource\\providers\\stock_eastmoney.py'>, 'core.datasource.providers.stock_tencent': <module 'core.datasource.providers.stock_tencent' from 'D:\\PythonProject\\QuantV1\\core\\datasource\\providers\\stock_tencent.py'>, 'core.datasource.providers.stock_tushare': <module 'core.datasource.providers.stock_tushare' from 'D:\\PythonProject\\QuantV1\\core\\datasource\\providers\\stock_tushare.py'>, 'core.stock_data': <module 'core.stock_data' from 'D:\\PythonProject\\QuantV1\\core\\stock_data.py'>, 'core.lookthrough': <module 'core.lookthrough' from 'D:\\PythonProject\\QuantV1\\core\\lookthrough.py'>, 'core.forecast_contract': <module 'core.forecast_contract' from 'D:\\PythonProject\\QuantV1\\core\\forecast_contract.py'>, 'core.signal_engine': <module 'core.signal_engine' from 'D:\\PythonProject\\QuantV1\\core\\signal_engine.py'>, 'threading': <module 'threading' from 'C:\\Users\\Turn-\\AppData\\Roaming\\uv\\python\\cpython-3.12-windows-x86_64-none\\Lib\\threading.py'>, 'msvcrt': <module 'msvcrt' (built-in)>, 'subprocess': <module 'subprocess' from 'C:\\Users\\Turn-\\AppData\\Roaming\\uv\\python\\cpython-3.12-windows-x86_64-none\\Lib\\subprocess.py'>, 'freeze_verify_tool': <module 'freeze_verify_tool' from 'D:\\PythonProject\\QuantV1\\freeze_verify_tool.py'>, 'frozen_dataset': <module 'frozen_dataset' from 'D:\\PythonProject\\QuantV1\\frozen_dataset.py'>, 'backtest_spread': <module 'backtest_spread' from 'D:\\PythonProject\\QuantV1\\backtest_spread.py'>, 'atexit': <module 'atexit' (built-in)>, 'logging': <module 'logging' from 'C:\\Users\\Turn-\\AppData\\Roaming\\uv\\python\\cpython-3.12-windows-x86_64-none\\Lib\\logging\\__init__.py'>, 'sklearn._config': <module 'sklearn._config' from 'D:\\PythonProject\\QuantV1\\.venv\\Lib\\site-packages\\sklearn\\_config.py'>, 'cython_runtime': <module 'cython_runtime'>, '_cython_3_2_5': <module '_cython_3_2_5'>, 'sklearn.__check_build._check_build': <module 'sklearn.__check_build._check_build' from 'D:\\PythonProject\\QuantV1\\.venv\\Lib\\site-packages\\sklearn\\__check_build\\_check_build.cp312-win_amd64.pyd'>, 'sklearn.__check_build': <module 'sklearn.__check_build' from 'D:\\PythonProject\\QuantV1\\.venv\\Lib\\site-packages\\sklearn\\__check_build\\__init__.py'>, 'sklearn._distributor_init': <module 'sklearn._distributor_init' from 'D:\\PythonProject\\QuantV1\\.venv\\Lib\\site-packages\\sklearn\\_distributor_init.py'>, 'sklearn.exceptions': <module 'sklearn.exceptions' from 'D:\\PythonProject\\QuantV1\\.venv\\Lib\\site-packages\\sklearn\\exceptions.py'>, 'sklearn.utils._bunch': <module 'sklearn.utils._bunch' from 'D:\\PythonProject\\QuantV1\\.venv\\Lib\\site-packages\\sklearn\\utils\\_bunch.py'>, 'sklearn.utils._metadata_requests': <module 'sklearn.utils._metadata_requests' from 'D:\\PythonProject\\QuantV1\\.venv\\Lib\\site-packages\\sklearn\\utils\\_metadata_requests.py'>, 'sklearn.utils.metadata_routing': <module 'sklearn.utils.metadata_routing' from 'D:\\PythonProject\\QuantV1\\.venv\\Lib\\site-packages\\sklearn\\utils\\metadata_routing.py'>, 'scipy.__config__': <module 'scipy.__config__' from 'D:\\PythonProject\\QuantV1\\.venv\\Lib\\site-packages\\scipy\\__config__.py'>, 'scipy.version': <module 'scipy.version' from 'D:\\PythonProject\\QuantV1\\.venv\\Lib\\site-packages\\scipy\\version.py'>, 'scipy._distributor_init': <module 'scipy._distributor_init' from 'D:\\PythonProject\\QuantV1\\.venv\\Lib\\site-packages\\scipy\\_distributor_init.py'>, 'scipy._external': <module 'scipy._external' (namespace) from ['D:\\PythonProject\\QuantV1\\.venv\\Lib\\site-packages\\scipy\\_external']>, 'scipy._external.packaging_version': <module 'scipy._external.packaging_version' (namespace) from ['D:\\PythonProject\\QuantV1\\.venv\\Lib\\site-packages\\scipy\\_external\\packaging_version']>, 'scipy._external.packaging_version._structures': <module 'scipy._external.packaging_version._structures' from 'D:\\PythonProject\\QuantV1\\.venv\\Lib\\site-packages\\scipy\\_external\\packaging_version\\_structures.py'>, 'scipy._external.packaging_version.version': <module 'scipy._external.packaging_version.version' from 'D:\\PythonProject\\QuantV1\\.venv\\Lib\\site-packages\\scipy\\_external\\packaging_version\\version.py'>, 'sysconfig': <module 'sysconfig' from 'C:\\Users\\Turn-\\AppData\\Roaming\\uv\\python\\cpython-3.12-windows-x86_64-none\\Lib\\sysconfig.py'>, 'concurrent': <module 'concurrent' from 'C:\\Users\\Turn-\\AppData\\Roaming\\uv\\python\\cpython-3.12-windows-x86_64-none\\Lib\\concurrent\\__init__.py'>, 'concurrent.futures._base': <module 'concurrent.futures._base' from 'C:\\Users\\Turn-\\AppData\\Roaming\\uv\\python\\cpython-3.12-windows-x86_64-none\\Lib\\concurrent\\futures\\_base.py'>, 'concurrent.futures': <module 'concurrent.futures' from 'C:\\Users\\Turn-\\AppData\\Roaming\\uv\\python\\cpython-3.12-windows-x86_64-none\\Lib\\concurrent\\futures\\__init__.py'>, '_queue': <module '_queue' from 'C:\\Users\\Turn-\\AppData\\Roaming\\uv\\python\\cpython-3.12-windows-x86_64-none\\DLLs\\_queue.pyd'>, 'queue': <module 'queue' from 'C:\\Users\\Turn-\\AppData\\Roaming\\uv\\python\\cpython-3.12-windows-x86_64-none\\Lib\\queue.py'>, 'concurrent.futures.thread': <module 'concurrent.futures.thread' from 'C:\\Users\\Turn-\\AppData\\Roaming\\uv\\python\\cpython-3.12-windows-x86_64-none\\Lib\\concurrent\\futures\\thread.py'>, 'importlib._abc': <module 'importlib._abc' from 'C:\\Users\\Turn-\\AppData\\Roaming\\uv\\python\\cpython-3.12-windows-x86_64-none\\Lib\\importlib\\_abc.py'>, 'importlib.util': <module 'importlib.util' (frozen)>, 'scipy._lib._testutils': <module 'scipy._lib._testutils' from 'D:\\PythonProject\\QuantV1\\.venv\\Lib\\site-packages\\scipy\\_lib\\_testutils.py'>, 'scipy._lib': <module 'scipy._lib' from 'D:\\PythonProject\\QuantV1\\.venv\\Lib\\site-packages\\scipy\\_lib\\__init__.py'>, '_cyutility': <module 'scipy._cyutility' from 'D:\\PythonProject\\QuantV1\\.venv\\Lib\\site-packages\\scipy\\_cyutility.cp312-win_amd64.pyd'>, 'scipy._cyutility': <module 'scipy._cyutility' from 'D:\\PythonProject\\QuantV1\\.venv\\Lib\\site-packages\\scipy\\_cyutility.cp312-win_amd64.pyd'>, 'scipy._lib._ccallback_c': <module 'scipy._lib._ccallback_c' from 'D:\\PythonProject\\QuantV1\\.venv\\Lib\\site-packages\\scipy\\_lib\\_ccallback_c.cp312-win_amd64.pyd'>, 'scipy._lib._ccallback': <module 'scipy._lib._ccallback' from 'D:\\PythonProject\\QuantV1\\.venv\\Lib\\site-packages\\scipy\\_lib\\_ccallback.py'>, 'scipy': <module 'scipy' from 'D:\\PythonProject\\QuantV1\\.venv\\Lib\\site-packages\\scipy\\__init__.py'>, 'scipy.sparse._sputils': <module 'scipy.sparse._sputils' from 'D:\\PythonProject\\QuantV1\\.venv\\Lib\\site-packages\\scipy\\sparse\\_sputils.py'>, 'scipy._lib._sparse': <module 'scipy._lib._sparse' from 'D:\\PythonProject\\QuantV1\\.venv\\Lib\\site-packages\\scipy\\_lib\\_sparse.py'>, 'scipy.sparse._matrix': <module 'scipy.sparse._matrix' from 'D:\\PythonProject\\QuantV1\\.venv\\Lib\\site-packages\\scipy\\sparse\\_matrix.py'>, 'scipy.sparse._base': <module 'scipy.sparse._base' from 'D:\\PythonProject\\QuantV1\\.venv\\Lib\\site-packages\\scipy\\sparse\\_base.py'>, 'scipy.sparse._sparsetools': <module 'scipy.sparse._sparsetools' from 'D:\\PythonProject\\QuantV1\\.venv\\Lib\\site-packages\\scipy\\sparse\\_sparsetools.cp312-win_amd64.pyd'>, 'numpy._typing._add_docstring': <module 'numpy._typing._add_docstring' from 'D:\\PythonProject\\QuantV1\\.venv\\Lib\\site-packages\\numpy\\_typing\\_add_docstring.py'>, 'numpy.typing': <module 'numpy.typing' from 'D:\\PythonProject\\QuantV1\\.venv\\Lib\\site-packages\\numpy\\typing\\__init__.py'>, 'scipy._external.array_api_compat.common._typing': <module 'scipy._external.array_api_compat.common._typing' from 'D:\\PythonProject\\QuantV1\\.venv\\Lib\\site-packages\\scipy\\_external\\array_api_compat\\common\\_typing.py'>, 'scipy._external.array_api_compat.common._helpers': <module 'scipy._external.array_api_compat.common._helpers' from 'D:\\PythonProject\\QuantV1\\.venv\\Lib\\site-packages\\scipy\\_external\\array_api_compat\\common\\_helpers.py'>, 'scipy._external.array_api_compat.common': <module 'scipy._external.array_api_compat.common' from 'D:\\PythonProject\\QuantV1\\.venv\\Lib\\site-packages\\scipy\\_external\\array_api_compat\\common\\__init__.py'>, 'scipy._external.array_api_compat': <module 'scipy._external.array_api_compat' from 'D:\\PythonProject\\QuantV1\\.venv\\Lib\\site-packages\\scipy\\_external\\array_api_compat\\__init__.py'>, 'scipy._external.array_api_compat._internal': <module 'scipy._external.array_api_compat._internal' from 'D:\\PythonProject\\QuantV1\\.venv\\Lib\\site-packages\\scipy\\_external\\array_api_compat\\_internal.py'>, 'numpy.testing._private': <module 'numpy.testing._private' from 'D:\\PythonProject\\QuantV1\\.venv\\Lib\\site-packages\\numpy\\testing\\_private\\__init__.py'>, 'numpy.testing.overrides': <module 'numpy.testing.overrides' from 'D:\\PythonProject\\QuantV1\\.venv\\Lib\\site-packages\\numpy\\testing\\overrides.py'>, 'gc': <module 'gc' (built-in)>, '_csv': <module '_csv' (built-in)>, 'csv': <module 'csv' from 'C:\\Users\\Turn-\\AppData\\Roaming\\uv\\python\\cpython-3.12-windows-x86_64-none\\Lib\\csv.py'>, 'zipfile._path.glob': <module 'zipfile._path.glob' from 'C:\\Users\\Turn-\\AppData\\Roaming\\uv\\python\\cpython-3.12-windows-x86_64-none\\Lib\\zipfile\\_path\\glob.py'>, 'zipfile._path': <module 'zipfile._path' from 'C:\\Users\\Turn-\\AppData\\Roaming\\uv\\python\\cpython-3.12-windows-x86_64-none\\Lib\\zipfile\\_path\\__init__.py'>, 'zipfile': <module 'zipfile' from 'C:\\Users\\Turn-\\AppData\\Roaming\\uv\\python\\cpython-3.12-windows-x86_64-none\\Lib\\zipfile\\__init__.py'>, 'importlib.metadata._functools': <module 'importlib.metadata._functools' from 'C:\\Users\\Turn-\\AppData\\Roaming\\uv\\python\\cpython-3.12-windows-x86_64-none\\Lib\\importlib\\metadata\\_functools.py'>, 'importlib.metadata._text': <module 'importlib.metadata._text' from 'C:\\Users\\Turn-\\AppData\\Roaming\\uv\\python\\cpython-3.12-windows-x86_64-none\\Lib\\importlib\\metadata\\_text.py'>, 'importlib.metadata._adapters': <module 'importlib.metadata._adapters' from 'C:\\Users\\Turn-\\AppData\\Roaming\\uv\\python\\cpython-3.12-windows-x86_64-none\\Lib\\importlib\\metadata\\_adapters.py'>, 'importlib.metadata._meta': <module 'importlib.metadata._meta' from 'C:\\Users\\Turn-\\AppData\\Roaming\\uv\\python\\cpython-3.12-windows-x86_64-none\\Lib\\importlib\\metadata\\_meta.py'>, 'importlib.metadata._collections': <module 'importlib.metadata._collections' from 'C:\\Users\\Turn-\\AppData\\Roaming\\uv\\python\\cpython-3.12-windows-x86_64-none\\Lib\\importlib\\metadata\\_collections.py'>, 'importlib.metadata._itertools': <module 'importlib.metadata._itertools' from 'C:\\Users\\Turn-\\AppData\\Roaming\\uv\\python\\cpython-3.12-windows-x86_64-none\\Lib\\importlib\\metadata\\_itertools.py'>, 'importlib.resources.abc': <module 'importlib.resources.abc' from 'C:\\Users\\Turn-\\AppData\\Roaming\\uv\\python\\cpython-3.12-windows-x86_64-none\\Lib\\importlib\\resources\\abc.py'>, 'importlib.resources._adapters': <module 'importlib.resources._adapters' from 'C:\\Users\\Turn-\\AppData\\Roaming\\uv\\python\\cpython-3.12-windows-x86_64-none\\Lib\\importlib\\resources\\_adapters.py'>, 'importlib.resources._common': <module 'importlib.resources._common' from 'C:\\Users\\Turn-\\AppData\\Roaming\\uv\\python\\cpython-3.12-windows-x86_64-none\\Lib\\importlib\\resources\\_common.py'>, 'importlib.resources._legacy': <module 'importlib.resources._legacy' from 'C:\\Users\\Turn-\\AppData\\Roaming\\uv\\python\\cpython-3.12-windows-x86_64-none\\Lib\\importlib\\resources\\_legacy.py'>, 'importlib.resources': <module 'importlib.resources' from 'C:\\Users\\Turn-\\AppData\\Roaming\\uv\\python\\cpython-3.12-windows-x86_64-none\\Lib\\importlib\\resources\\__init__.py'>, 'importlib.abc': <module 'importlib.abc' from 'C:\\Users\\Turn-\\AppData\\Roaming\\uv\\python\\cpython-3.12-windows-x86_64-none\\Lib\\importlib\\abc.py'>, 'importlib.metadata': <module 'importlib.metadata' from 'C:\\Users\\Turn-\\AppData\\Roaming\\uv\\python\\cpython-3.12-windows-x86_64-none\\Lib\\importlib\\metadata\\__init__.py'>, 'numpy.testing._private.utils': <module 'numpy.testing._private.utils' from 'D:\\PythonProject\\QuantV1\\.venv\\Lib\\site-packages\\numpy\\testing\\_private\\utils.py'>, 'numpy.testing._private.extbuild': <module 'numpy.testing._private.extbuild' from 'D:\\PythonProject\\QuantV1\\.venv\\Lib\\site-packages\\numpy\\testing\\_private\\extbuild.py'>, 'numpy.testing': <module 'numpy.testing' from 'D:\\PythonProject\\QuantV1\\.venv\\Lib\\site-packages\\numpy\\testing\\__init__.py'>, '_cython_3_2_8': <module '_cython_3_2_8'>, 'numpy.random._common': <module 'numpy.random._common' from 'D:\\PythonProject\\QuantV1\\.venv\\Lib\\site-packages\\numpy\\random\\_common.cp312-win_amd64.pyd'>, 'hmac': <module 'hmac' from 'C:\\Users\\Turn-\\AppData\\Roaming\\uv\\python\\cpython-3.12-windows-x86_64-none\\Lib\\hmac.py'>, 'secrets': <module 'secrets' from 'C:\\Users\\Turn-\\AppData\\Roaming\\uv\\python\\cpython-3.12-windows-x86_64-none\\Lib\\secrets.py'>, 'numpy.random.bit_generator': <module 'numpy.random.bit_generator' from 'D:\\PythonProject\\QuantV1\\.venv\\Lib\\site-packages\\numpy\\random\\bit_generator.cp312-win_amd64.pyd'>, 'numpy.random._bounded_integers': <module 'numpy.random._bounded_integers' from 'D:\\PythonProject\\QuantV1\\.venv\\Lib\\site-packages\\numpy\\random\\_bounded_integers.cp312-win_amd64.pyd'>, 'numpy.random._pcg64': <module 'numpy.random._pcg64' from 'D:\\PythonProject\\QuantV1\\.venv\\Lib\\site-packages\\numpy\\random\\_pcg64.cp312-win_amd64.pyd'>, 'numpy.random._generator': <module 'numpy.random._generator' from 'D:\\PythonProject\\QuantV1\\.venv\\Lib\\site-packages\\numpy\\random\\_generator.cp312-win_amd64.pyd'>, 'numpy.random._mt19937': <module 'numpy.random._mt19937' from 'D:\\PythonProject\\QuantV1\\.venv\\Lib\\site-packages\\numpy\\random\\_mt19937.cp312-win_amd64.pyd'>, 'numpy.random._philox': <module 'numpy.random._philox' from 'D:\\PythonProject\\QuantV1\\.venv\\Lib\\site-packages\\numpy\\random\\_philox.cp312-win_amd64.pyd'>, 'numpy.random._sfc64': <module 'numpy.random._sfc64' from 'D:\\PythonProject\\QuantV1\\.venv\\Lib\\site-packages\\numpy\\random\\_sfc64.cp312-win_amd64.pyd'>, 'numpy.random.mtrand': <module 'numpy.random.mtrand' from 'D:\\PythonProject\\QuantV1\\.venv\\Lib\\site-packages\\numpy\\random\\mtrand.cp312-win_amd64.pyd'>, 'numpy.random._pickle': <module 'numpy.random._pickle' from 'D:\\PythonProject\\QuantV1\\.venv\\Lib\\site-packages\\numpy\\random\\_pickle.py'>, 'numpy.random': <module 'numpy.random' from 'D:\\PythonProject\\QuantV1\\.venv\\Lib\\site-packages\\numpy\\random\\__init__.py'>, 'numpy.ctypeslib._ctypeslib': <module 'numpy.ctypeslib._ctypeslib' from 'D:\\PythonProject\\QuantV1\\.venv\\Lib\\site-packages\\numpy\\ctypeslib\\_ctypeslib.py'>, 'numpy.ctypeslib': <module 'numpy.ctypeslib' from 'D:\\PythonProject\\QuantV1\\.venv\\Lib\\site-packages\\numpy\\ctypeslib\\__init__.py'>, 'numpy.ma.core': <module 'numpy.ma.core' from 'D:\\PythonProject\\QuantV1\\.venv\\Lib\\site-packages\\numpy\\ma\\core.py'>, 'numpy.ma.extras': <module 'numpy.ma.extras' from 'D:\\PythonProject\\QuantV1\\.venv\\Lib\\site-packages\\numpy\\ma\\extras.py'>, 'numpy.ma': <module 'numpy.ma' from 'D:\\PythonProject\\QuantV1\\.venv\\Lib\\site-packages\\numpy\\ma\\__init__.py'>, 'numpy.f2py.diagnose': <module 'numpy.f2py.diagnose' from 'D:\\PythonProject\\QuantV1\\.venv\\Lib\\site-packages\\numpy\\f2py\\diagnose.py'>, 'numpy.f2py._backends': <module 'numpy.f2py._backends' from 'D:\\PythonProject\\QuantV1\\.venv\\Lib\\site-packages\\numpy\\f2py\\_backends\\__init__.py'>, 'numpy.f2py.__version__': <module 'numpy.f2py.__version__' from 'D:\\PythonProject\\QuantV1\\.venv\\Lib\\site-packages\\numpy\\f2py\\__version__.py'>, 'numpy.f2py.cfuncs': <module 'numpy.f2py.cfuncs' from 'D:\\PythonProject\\QuantV1\\.venv\\Lib\\site-packages\\numpy\\f2py\\cfuncs.py'>, 'numpy.f2py.auxfuncs': <module 'numpy.f2py.auxfuncs' from 'D:\\PythonProject\\QuantV1\\.venv\\Lib\\site-packages\\numpy\\f2py\\auxfuncs.py'>, 'numpy.f2py.cb_rules': <module 'numpy.f2py.cb_rules' from 'D:\\PythonProject\\QuantV1\\.venv\\Lib\\site-packages\\numpy\\f2py\\cb_rules.py'>, 'numpy.f2py._isocbind': <module 'numpy.f2py._isocbind' from 'D:\\PythonProject\\QuantV1\\.venv\\Lib\\site-packages\\numpy\\f2py\\_isocbind.py'>, 'fileinput': <module 'fileinput' from 'C:\\Users\\Turn-\\AppData\\Roaming\\uv\\python\\cpython-3.12-windows-x86_64-none\\Lib\\fileinput.py'>, '_cython_3_2_9': <module '_cython_3_2_9'>, 'charset_normalizer.constant': <module 'charset_normalizer.constant' from 'D:\\PythonProject\\QuantV1\\.venv\\Lib\\site-packages\\charset_normalizer\\constant.py'>, 'unicodedata': <module 'unicodedata' from 'C:\\Users\\Turn-\\AppData\\Roaming\\uv\\python\\cpython-3.12-windows-x86_64-none\\DLLs\\unicodedata.pyd'>, 'charset_normalizer.utils': <module 'charset_normalizer.utils' from 'D:\\PythonProject\\QuantV1\\.venv\\Lib\\site-packages\\charset_normalizer\\utils.py'>, 'charset_normalizer.md': <module 'charset_normalizer.md' from 'D:\\PythonProject\\QuantV1\\.venv\\Lib\\site-packages\\charset_normalizer\\md.cp312-win_amd64.pyd'>, 'charset_normalizer.cd': <module 'charset_normalizer.cd' from 'D:\\PythonProject\\QuantV1\\.venv\\Lib\\site-packages\\charset_normalizer\\cd.cp312-win_amd64.pyd'>, 'charset_normalizer.models': <module 'charset_normalizer.models' from 'D:\\PythonProject\\QuantV1\\.venv\\Lib\\site-packages\\charset_normalizer\\models.py'>, '_codecs_jp': <module '_codecs_jp' (built-in)>, '_codecs_hk': <module '_codecs_hk' (built-in)>, '_codecs_cn': <module '_codecs_cn' (built-in)>, '_codecs_kr': <module '_codecs_kr' (built-in)>, '_codecs_tw': <module '_codecs_tw' (built-in)>, '_codecs_iso2022': <module '_codecs_iso2022' (built-in)>, '_multibytecodec': <module '_multibytecodec' (built-in)>, 'charset_normalizer.api': <module 'charset_normalizer.api' from 'D:\\PythonProject\\QuantV1\\.venv\\Lib\\site-packages\\charset_normalizer\\api.py'>, 'charset_normalizer.legacy': <module 'charset_normalizer.legacy' from 'D:\\PythonProject\\QuantV1\\.venv\\Lib\\site-packages\\charset_normalizer\\legacy.py'>, 'charset_normalizer.version': <module 'charset_normalizer.version' from 'D:\\PythonProject\\QuantV1\\.venv\\Lib\\site-packages\\charset_normalizer\\version.py'>, 'charset_normalizer': <module 'charset_normalizer' from 'D:\\PythonProject\\QuantV1\\.venv\\Lib\\site-packages\\charset_normalizer\\__init__.py'>, 'numpy.f2py.symbolic': <module 'numpy.f2py.symbolic' from 'D:\\PythonProject\\QuantV1\\.venv\\Lib\\site-packages\\numpy\\f2py\\symbolic.py'>, 'numpy.f2py.crackfortran': <module 'numpy.f2py.crackfortran' from 'D:\\PythonProject\\QuantV1\\.venv\\Lib\\site-packages\\numpy\\f2py\\crackfortran.py'>, 'numpy.f2py.capi_maps': <module 'numpy.f2py.capi_maps' from 'D:\\PythonProject\\QuantV1\\.venv\\Lib\\site-packages\\numpy\\f2py\\capi_maps.py'>, 'numpy.f2py.func2subr': <module 'numpy.f2py.func2subr' from 'D:\\PythonProject\\QuantV1\\.venv\\Lib\\site-packages\\numpy\\f2py\\func2subr.py'>, 'numpy.f2py.f90mod_rules': <module 'numpy.f2py.f90mod_rules' from 'D:\\PythonProject\\QuantV1\\.venv\\Lib\\site-packages\\numpy\\f2py\\f90mod_rules.py'>, 'numpy.f2py.common_rules': <module 'numpy.f2py.common_rules' from 'D:\\PythonProject\\QuantV1\\.venv\\Lib\\site-packages\\numpy\\f2py\\common_rules.py'>, 'numpy.f2py.use_rules': <module 'numpy.f2py.use_rules' from 'D:\\PythonProject\\QuantV1\\.venv\\Lib\\site-packages\\numpy\\f2py\\use_rules.py'>, 'numpy.f2py.rules': <module 'numpy.f2py.rules' from 'D:\\PythonProject\\QuantV1\\.venv\\Lib\\site-packages\\numpy\\f2py\\rules.py'>, 'numpy.f2py.f2py2e': <module 'numpy.f2py.f2py2e' from 'D:\\PythonProject\\QuantV1\\.venv\\Lib\\site-packages\\numpy\\f2py\\f2py2e.py'>, 'numpy.f2py': <module 'numpy.f2py' from 'D:\\PythonProject\\QuantV1\\.venv\\Lib\\site-packages\\numpy\\f2py\\__init__.py'>, 'numpy._core.strings': <module 'numpy._core.strings' from 'D:\\PythonProject\\QuantV1\\.venv\\Lib\\site-packages\\numpy\\_core\\strings.py'>, 'numpy.strings': <module 'numpy.strings' from 'D:\\PythonProject\\QuantV1\\.venv\\Lib\\site-packages\\numpy\\strings\\__init__.py'>, 'numpy.fft._helper': <module 'numpy.fft._helper' from 'D:\\PythonProject\\QuantV1\\.venv\\Lib\\site-packages\\numpy\\fft\\_helper.py'>, 'numpy.fft._pocketfft_umath': <module 'numpy.fft._pocketfft_umath' from 'D:\\PythonProject\\QuantV1\\.venv\\Lib\\site-packages\\numpy\\fft\\_pocketfft_umath.cp312-win_amd64.pyd'>, 'numpy.fft._pocketfft': <module 'numpy.fft._pocketfft' from 'D:\\PythonProject\\QuantV1\\.venv\\Lib\\site-packages\\numpy\\fft\\_pocketfft.py'>, 'numpy.fft': <module 'numpy.fft' from 'D:\\PythonProject\\QuantV1\\.venv\\Lib\\site-packages\\numpy\\fft\\__init__.py'>, 'numpy._core.defchararray': <module 'numpy._core.defchararray' from 'D:\\PythonProject\\QuantV1\\.venv\\Lib\\site-packages\\numpy\\_core\\defchararray.py'>, 'numpy.char': <module 'numpy.char' from 'D:\\PythonProject\\QuantV1\\.venv\\Lib\\site-packages\\numpy\\char\\__init__.py'>, 'numpy.polynomial.polyutils': <module 'numpy.polynomial.polyutils' from 'D:\\PythonProject\\QuantV1\\.venv\\Lib\\site-packages\\numpy\\polynomial\\polyutils.py'>, 'numpy.polynomial._polybase': <module 'numpy.polynomial._polybase' from 'D:\\PythonProject\\QuantV1\\.venv\\Lib\\site-packages\\numpy\\polynomial\\_polybase.py'>, 'numpy.polynomial.chebyshev': <module 'numpy.polynomial.chebyshev' from 'D:\\PythonProject\\QuantV1\\.venv\\Lib\\site-packages\\numpy\\polynomial\\chebyshev.py'>, 'numpy.polynomial.hermite': <module 'numpy.polynomial.hermite' from 'D:\\PythonProject\\QuantV1\\.venv\\Lib\\site-packages\\numpy\\polynomial\\hermite.py'>, 'numpy.polynomial.hermite_e': <module 'numpy.polynomial.hermite_e' from 'D:\\PythonProject\\QuantV1\\.venv\\Lib\\site-packages\\numpy\\polynomial\\hermite_e.py'>, 'numpy.polynomial.laguerre': <module 'numpy.polynomial.laguerre' from 'D:\\PythonProject\\QuantV1\\.venv\\Lib\\site-packages\\numpy\\polynomial\\laguerre.py'>, 'numpy.polynomial.legendre': <module 'numpy.polynomial.legendre' from 'D:\\PythonProject\\QuantV1\\.venv\\Lib\\site-packages\\numpy\\polynomial\\legendre.py'>, 'numpy.polynomial.polynomial': <module 'numpy.polynomial.polynomial' from 'D:\\PythonProject\\QuantV1\\.venv\\Lib\\site-packages\\numpy\\polynomial\\polynomial.py'>, 'numpy.polynomial': <module 'numpy.polynomial' from 'D:\\PythonProject\\QuantV1\\.venv\\Lib\\site-packages\\numpy\\polynomial\\__init__.py'>, 'numpy.core._utils': <module 'numpy.core._utils' from 'D:\\PythonProject\\QuantV1\\.venv\\Lib\\site-packages\\numpy\\core\\_utils.py'>, 'numpy.core': <module 'numpy.core' from 'D:\\PythonProject\\QuantV1\\.venv\\Lib\\site-packages\\numpy\\core\\__init__.py'>, 'numpy.rec': <module 'numpy.rec' from 'D:\\PythonProject\\QuantV1\\.venv\\Lib\\site-packages\\numpy\\rec\\__init__.py'>, 'scipy._external.array_api_compat.common._aliases': <module 'scipy._external.array_api_compat.common._aliases' from 'D:\\PythonProject\\QuantV1\\.venv\\Lib\\site-packages\\scipy\\_external\\array_api_compat\\common\\_aliases.py'>, 'scipy._external.array_api_compat.numpy._typing': <module 'scipy._external.array_api_compat.numpy._typing' from 'D:\\PythonProject\\QuantV1\\.venv\\Lib\\site-packages\\scipy\\_external\\array_api_compat\\numpy\\_typing.py'>, 'scipy._external.array_api_compat.numpy._aliases': <module 'scipy._external.array_api_compat.numpy._aliases' from 'D:\\PythonProject\\QuantV1\\.venv\\Lib\\site-packages\\scipy\\_external\\array_api_compat\\numpy\\_aliases.py'>, 'scipy._external.array_api_compat.numpy._info': <module 'scipy._external.array_api_compat.numpy._info' from 'D:\\PythonProject\\QuantV1\\.venv\\Lib\\site-packages\\scipy\\_external\\array_api_compat\\numpy\\_info.py'>, 'scipy._external.array_api_compat.common._linalg': <module 'scipy._external.array_api_compat.common._linalg' from 'D:\\PythonProject\\QuantV1\\.venv\\Lib\\site-packages\\scipy\\_external\\array_api_compat\\common\\_linalg.py'>, 'scipy._external.array_api_compat.numpy.linalg': <module 'scipy._external.array_api_compat.numpy.linalg' from 'D:\\PythonProject\\QuantV1\\.venv\\Lib\\site-packages\\scipy\\_external\\array_api_compat\\numpy\\linalg.py'>, 'scipy._external.array_api_compat.common._fft': <module 'scipy._external.array_api_compat.common._fft' from 'D:\\PythonProject\\QuantV1\\.venv\\Lib\\site-packages\\scipy\\_external\\array_api_compat\\common\\_fft.py'>, 'scipy._external.array_api_compat.numpy.fft': <module 'scipy._external.array_api_compat.numpy.fft' from 'D:\\PythonProject\\QuantV1\\.venv\\Lib\\site-packages\\scipy\\_external\\array_api_compat\\numpy\\fft.py'>, 'scipy._external.array_api_compat.numpy': <module 'scipy._external.array_api_compat.numpy' from 'D:\\PythonProject\\QuantV1\\.venv\\Lib\\site-packages\\scipy\\_external\\array_api_compat\\numpy\\__init__.py'>, 'scipy._external.array_api_extra._lib': <module 'scipy._external.array_api_extra._lib' from 'D:\\PythonProject\\QuantV1\\.venv\\Lib\\site-packages\\scipy\\_external\\array_api_extra\\_lib\\__init__.py'>, 'scipy._external.array_api_extra._lib._utils': <module 'scipy._external.array_api_extra._lib._utils' from 'D:\\PythonProject\\QuantV1\\.venv\\Lib\\site-packages\\scipy\\_external\\array_api_extra\\_lib\\_utils\\__init__.py'>, 'scipy._lib._array_api_override': <module 'scipy._lib._array_api_override' from 'D:\\PythonProject\\QuantV1\\.venv\\Lib\\site-packages\\scipy\\_lib\\_array_api_override.py'>, 'scipy._external._array_api_compat_vendor': <module 'scipy._external._array_api_compat_vendor' from 'D:\\PythonProject\\QuantV1\\.venv\\Lib\\site-packages\\scipy\\_external\\_array_api_compat_vendor.py'>, 'scipy._external.array_api_extra._lib._utils._compat': <module 'scipy._external.array_api_extra._lib._utils._compat' from 'D:\\PythonProject\\QuantV1\\.venv\\Lib\\site-packages\\scipy\\_external\\array_api_extra\\_lib\\_utils\\_compat.py'>, 'scipy._external.array_api_extra._lib._utils._typing': <module 'scipy._external.array_api_extra._lib._utils._typing' from 'D:\\PythonProject\\QuantV1\\.venv\\Lib\\site-packages\\scipy\\_external\\array_api_extra\\_lib\\_utils\\_typing.py'>, 'scipy._external.array_api_extra._lib._utils._helpers': <module 'scipy._external.array_api_extra._lib._utils._helpers' from 'D:\\PythonProject\\QuantV1\\.venv\\Lib\\site-packages\\scipy\\_external\\array_api_extra\\_lib\\_utils\\_helpers.py'>, 'scipy._external.array_api_extra._lib._at': <module 'scipy._external.array_api_extra._lib._at' from 'D:\\PythonProject\\QuantV1\\.venv\\Lib\\site-packages\\scipy\\_external\\array_api_extra\\_lib\\_at.py'>, 'scipy._external.array_api_extra._lib._funcs': <module 'scipy._external.array_api_extra._lib._funcs' from 'D:\\PythonProject\\QuantV1\\.venv\\Lib\\site-packages\\scipy\\_external\\array_api_extra\\_lib\\_funcs.py'>, 'scipy._external.array_api_extra._delegation': <module 'scipy._external.array_api_extra._delegation' from 'D:\\PythonProject\\QuantV1\\.venv\\Lib\\site-packages\\scipy\\_external\\array_api_extra\\_delegation.py'>, 'scipy._external.array_api_extra._lib._lazy': <module 'scipy._external.array_api_extra._lib._lazy' from 'D:\\PythonProject\\QuantV1\\.venv\\Lib\\site-packages\\scipy\\_external\\array_api_extra\\_lib\\_lazy.py'>, 'scipy._external.array_api_extra': <module 'scipy._external.array_api_extra' from 'D:\\PythonProject\\QuantV1\\.venv\\Lib\\site-packages\\scipy\\_external\\array_api_extra\\__init__.py'>, 'scipy._external.array_api_extra.testing': <module 'scipy._external.array_api_extra.testing' from 'D:\\PythonProject\\QuantV1\\.venv\\Lib\\site-packages\\scipy\\_external\\array_api_extra\\testing.py'>, 'pkgutil': <module 'pkgutil' from 'C:\\Users\\Turn-\\AppData\\Roaming\\uv\\python\\cpython-3.12-windows-x86_64-none\\Lib\\pkgutil.py'>, 'pydoc': <module 'pydoc' from 'C:\\Users\\Turn-\\AppData\\Roaming\\uv\\python\\cpython-3.12-windows-x86_64-none\\Lib\\pydoc.py'>, 'scipy._lib._docscrape': <module 'scipy._lib._docscrape' from 'D:\\PythonProject\\QuantV1\\.venv\\Lib\\site-packages\\scipy\\_lib\\_docscrape.py'>, 'scipy._lib._array_api': <module 'scipy._lib._array_api' from 'D:\\PythonProject\\QuantV1\\.venv\\Lib\\site-packages\\scipy\\_lib\\_array_api.py'>, 'scipy._lib._util': <module 'scipy._lib._util' from 'D:\\PythonProject\\QuantV1\\.venv\\Lib\\site-packages\\scipy\\_lib\\_util.py'>, 'scipy.sparse._data': <module 'scipy.sparse._data' from 'D:\\PythonProject\\QuantV1\\.venv\\Lib\\site-packages\\scipy\\sparse\\_data.py'>, 'scipy.sparse._index': <module 'scipy.sparse._index' from 'D:\\PythonProject\\QuantV1\\.venv\\Lib\\site-packages\\scipy\\sparse\\_index.py'>, 'scipy.sparse._compressed': <module 'scipy.sparse._compressed' from 'D:\\PythonProject\\QuantV1\\.venv\\Lib\\site-packages\\scipy\\sparse\\_compressed.py'>, 'scipy.sparse._csr': <module 'scipy.sparse._csr' from 'D:\\PythonProject\\QuantV1\\.venv\\Lib\\site-packages\\scipy\\sparse\\_csr.py'>, 'scipy.sparse._csc': <module 'scipy.sparse._csc' from 'D:\\PythonProject\\QuantV1\\.venv\\Lib\\site-packages\\scipy\\sparse\\_csc.py'>, '_csparsetools': <module 'scipy.sparse._csparsetools' from 'D:\\PythonProject\\QuantV1\\.venv\\Lib\\site-packages\\scipy\\sparse\\_csparsetools.cp312-win_amd64.pyd'>, 'scipy.sparse._csparsetools': <module 'scipy.sparse._csparsetools' from 'D:\\PythonProject\\QuantV1\\.venv\\Lib\\site-packages\\scipy\\sparse\\_csparsetools.cp312-win_amd64.pyd'>, 'scipy.sparse._lil': <module 'scipy.sparse._lil' from 'D:\\PythonProject\\QuantV1\\.venv\\Lib\\site-packages\\scipy\\sparse\\_lil.py'>, 'scipy.sparse._dok': <module 'scipy.sparse._dok' from 'D:\\PythonProject\\QuantV1\\.venv\\Lib\\site-packages\\scipy\\sparse\\_dok.py'>, 'scipy.sparse._coo': <module 'scipy.sparse._coo' from 'D:\\PythonProject\\QuantV1\\.venv\\Lib\\site-packages\\scipy\\sparse\\_coo.py'>, 'scipy.sparse._dia': <module 'scipy.sparse._dia' from 'D:\\PythonProject\\QuantV1\\.venv\\Lib\\site-packages\\scipy\\sparse\\_dia.py'>, 'scipy.sparse._bsr': <module 'scipy.sparse._bsr' from 'D:\\PythonProject\\QuantV1\\.venv\\Lib\\site-packages\\scipy\\sparse\\_bsr.py'>, 'scipy._lib.deprecation': <module 'scipy._lib.deprecation' from 'D:\\PythonProject\\QuantV1\\.venv\\Lib\\site-packages\\scipy\\_lib\\deprecation.py'>, 'scipy.sparse._construct': <module 'scipy.sparse._construct' from 'D:\\PythonProject\\QuantV1\\.venv\\Lib\\site-packages\\scipy\\sparse\\_construct.py'>, 'scipy.sparse._extract': <module 'scipy.sparse._extract' from 'D:\\PythonProject\\QuantV1\\.venv\\Lib\\site-packages\\scipy\\sparse\\_extract.py'>, 'scipy.sparse._matrix_io': <module 'scipy.sparse._matrix_io' from 'D:\\PythonProject\\QuantV1\\.venv\\Lib\\site-packages\\scipy\\sparse\\_matrix_io.py'>, 'scipy.sparse.base': <module 'scipy.sparse.base' from 'D:\\PythonProject\\QuantV1\\.venv\\Lib\\site-packages\\scipy\\sparse\\base.py'>, 'scipy.sparse.bsr': <module 'scipy.sparse.bsr' from 'D:\\PythonProject\\QuantV1\\.venv\\Lib\\site-packages\\scipy\\sparse\\bsr.py'>, 'scipy.sparse.compressed': <module 'scipy.sparse.compressed' from 'D:\\PythonProject\\QuantV1\\.venv\\Lib\\site-packages\\scipy\\sparse\\compressed.py'>, 'scipy.sparse.construct': <module 'scipy.sparse.construct' from 'D:\\PythonProject\\QuantV1\\.venv\\Lib\\site-packages\\scipy\\sparse\\construct.py'>, 'scipy.sparse.coo': <module 'scipy.sparse.coo' from 'D:\\PythonProject\\QuantV1\\.venv\\Lib\\site-packages\\scipy\\sparse\\coo.py'>, 'scipy.sparse.csc': <module 'scipy.sparse.csc' from 'D:\\PythonProject\\QuantV1\\.venv\\Lib\\site-packages\\scipy\\sparse\\csc.py'>, 'scipy.sparse.csr': <module 'scipy.sparse.csr' from 'D:\\PythonProject\\QuantV1\\.venv\\Lib\\site-packages\\scipy\\sparse\\csr.py'>, 'scipy.sparse.data': <module 'scipy.sparse.data' from 'D:\\PythonProject\\QuantV1\\.venv\\Lib\\site-packages\\scipy\\sparse\\data.py'>, 'scipy.sparse.dia': <module 'scipy.sparse.dia' from 'D:\\PythonProject\\QuantV1\\.venv\\Lib\\site-packages\\scipy\\sparse\\dia.py'>, 'scipy.sparse.dok': <module 'scipy.sparse.dok' from 'D:\\PythonProject\\QuantV1\\.venv\\Lib\\site-packages\\scipy\\sparse\\dok.py'>, 'scipy.sparse.extract': <module 'scipy.sparse.extract' from 'D:\\PythonProject\\QuantV1\\.venv\\Lib\\site-packages\\scipy\\sparse\\extract.py'>, 'scipy.sparse.lil': <module 'scipy.sparse.lil' from 'D:\\PythonProject\\QuantV1\\.venv\\Lib\\site-packages\\scipy\\sparse\\lil.py'>, 'scipy.sparse.sparsetools': <module 'scipy.sparse.sparsetools' from 'D:\\PythonProject\\QuantV1\\.venv\\Lib\\site-packages\\scipy\\sparse\\sparsetools.py'>, 'scipy.sparse.sputils': <module 'scipy.sparse.sputils' from 'D:\\PythonProject\\QuantV1\\.venv\\Lib\\site-packages\\scipy\\sparse\\sputils.py'>, 'scipy.sparse': <module 'scipy.sparse' from 'D:\\PythonProject\\QuantV1\\.venv\\Lib\\site-packages\\scipy\\sparse\\__init__.py'>, '_multiprocessing': <module '_multiprocessing' from 'C:\\Users\\Turn-\\AppData\\Roaming\\uv\\python\\cpython-3.12-windows-x86_64-none\\DLLs\\_multiprocessing.pyd'>, 'multiprocessing.process': <module 'multiprocessing.process' from 'C:\\Users\\Turn-\\AppData\\Roaming\\uv\\python\\cpython-3.12-windows-x86_64-none\\Lib\\multiprocessing\\process.py'>, 'multiprocessing.reduction': <module 'multiprocessing.reduction' from 'C:\\Users\\Turn-\\AppData\\Roaming\\uv\\python\\cpython-3.12-windows-x86_64-none\\Lib\\multiprocessing\\reduction.py'>, 'multiprocessing.context': <module 'multiprocessing.context' from 'C:\\Users\\Turn-\\AppData\\Roaming\\uv\\python\\cpython-3.12-windows-x86_64-none\\Lib\\multiprocessing\\context.py'>, '__mp_main__': <module '__main__' from 'D:\\PythonProject\\QuantV1\\run_tests.py'>, 'multiprocessing': <module 'multiprocessing' from 'C:\\Users\\Turn-\\AppData\\Roaming\\uv\\python\\cpython-3.12-windows-x86_64-none\\Lib\\multiprocessing\\__init__.py'>, 'joblib._multiprocessing_helpers': <module 'joblib._multiprocessing_helpers' from 'D:\\PythonProject\\QuantV1\\.venv\\Lib\\site-packages\\joblib\\_multiprocessing_helpers.py'>, 'joblib.externals': <module 'joblib.externals' from 'D:\\PythonProject\\QuantV1\\.venv\\Lib\\site-packages\\joblib\\externals\\__init__.py'>, 'joblib.externals.loky._base': <module 'joblib.externals.loky._base' from 'D:\\PythonProject\\QuantV1\\.venv\\Lib\\site-packages\\joblib\\externals\\loky\\_base.py'>, 'multiprocessing.util': <module 'multiprocessing.util' from 'C:\\Users\\Turn-\\AppData\\Roaming\\uv\\python\\cpython-3.12-windows-x86_64-none\\Lib\\multiprocessing\\util.py'>, 'multiprocessing.synchronize': <module 'multiprocessing.synchronize' from 'C:\\Users\\Turn-\\AppData\\Roaming\\uv\\python\\cpython-3.12-windows-x86_64-none\\Lib\\multiprocessing\\synchronize.py'>, 'ctypes.wintypes': <module 'ctypes.wintypes' from 'C:\\Users\\Turn-\\AppData\\Roaming\\uv\\python\\cpython-3.12-windows-x86_64-none\\Lib\\ctypes\\wintypes.py'>, 'multiprocessing.connection': <module 'multiprocessing.connection' from 'C:\\Users\\Turn-\\AppData\\Roaming\\uv\\python\\cpython-3.12-windows-x86_64-none\\Lib\\multiprocessing\\connection.py'>, 'multiprocessing.queues': <module 'multiprocessing.queues' from 'C:\\Users\\Turn-\\AppData\\Roaming\\uv\\python\\cpython-3.12-windows-x86_64-none\\Lib\\multiprocessing\\queues.py'>, 'concurrent.futures.process': <module 'concurrent.futures.process' from 'C:\\Users\\Turn-\\AppData\\Roaming\\uv\\python\\cpython-3.12-windows-x86_64-none\\Lib\\concurrent\\futures\\process.py'>, 'joblib.externals.loky.backend.process': <module 'joblib.externals.loky.backend.process' from 'D:\\PythonProject\\QuantV1\\.venv\\Lib\\site-packages\\joblib\\externals\\loky\\backend\\process.py'>, 'joblib.externals.loky.backend.context': <module 'joblib.externals.loky.backend.context' from 'D:\\PythonProject\\QuantV1\\.venv\\Lib\\site-packages\\joblib\\externals\\loky\\backend\\context.py'>, 'joblib.externals.loky.backend': <module 'joblib.externals.loky.backend' from 'D:\\PythonProject\\QuantV1\\.venv\\Lib\\site-packages\\joblib\\externals\\loky\\backend\\__init__.py'>, 'joblib.externals.loky.backend._win_reduction': <module 'joblib.externals.loky.backend._win_reduction' from 'D:\\PythonProject\\QuantV1\\.venv\\Lib\\site-packages\\joblib\\externals\\loky\\backend\\_win_reduction.py'>, '_uuid': <module '_uuid' from 'C:\\Users\\Turn-\\AppData\\Roaming\\uv\\python\\cpython-3.12-windows-x86_64-none\\DLLs\\_uuid.pyd'>, 'uuid': <module 'uuid' from 'C:\\Users\\Turn-\\AppData\\Roaming\\uv\\python\\cpython-3.12-windows-x86_64-none\\Lib\\uuid.py'>, 'cloudpickle.cloudpickle': <module 'cloudpickle.cloudpickle' from 'D:\\PythonProject\\QuantV1\\.venv\\Lib\\site-packages\\cloudpickle\\cloudpickle.py'>, 'cloudpickle': <module 'cloudpickle' from 'D:\\PythonProject\\QuantV1\\.venv\\Lib\\site-packages\\cloudpickle\\__init__.py'>, 'joblib.externals.loky.backend.reduction': <module 'joblib.externals.loky.backend.reduction' from 'D:\\PythonProject\\QuantV1\\.venv\\Lib\\site-packages\\joblib\\externals\\loky\\backend\\reduction.py'>, 'faulthandler': <module 'faulthandler' (built-in)>, 'joblib.externals.loky.backend.queues': <module 'joblib.externals.loky.backend.queues' from 'D:\\PythonProject\\QuantV1\\.venv\\Lib\\site-packages\\joblib\\externals\\loky\\backend\\queues.py'>, 'joblib.externals.loky.backend.utils': <module 'joblib.externals.loky.backend.utils' from 'D:\\PythonProject\\QuantV1\\.venv\\Lib\\site-packages\\joblib\\externals\\loky\\backend\\utils.py'>, 'joblib.externals.loky.initializers': <module 'joblib.externals.loky.initializers' from 'D:\\PythonProject\\QuantV1\\.venv\\Lib\\site-packages\\joblib\\externals\\loky\\initializers.py'>, 'joblib.externals.loky.process_executor': <module 'joblib.externals.loky.process_executor' from 'D:\\PythonProject\\QuantV1\\.venv\\Lib\\site-packages\\joblib\\externals\\loky\\process_executor.py'>, 'joblib.externals.loky.reusable_executor': <module 'joblib.externals.loky.reusable_executor' from 'D:\\PythonProject\\QuantV1\\.venv\\Lib\\site-packages\\joblib\\externals\\loky\\reusable_executor.py'>, 'joblib.externals.loky.cloudpickle_wrapper': <module 'joblib.externals.loky.cloudpickle_wrapper' from 'D:\\PythonProject\\QuantV1\\.venv\\Lib\\site-packages\\joblib\\externals\\loky\\cloudpickle_wrapper.py'>, 'joblib.externals.loky': <module 'joblib.externals.loky' from 'D:\\PythonProject\\QuantV1\\.venv\\Lib\\site-packages\\joblib\\externals\\loky\\__init__.py'>, 'joblib._cloudpickle_wrapper': <module 'joblib._cloudpickle_wrapper' from 'D:\\PythonProject\\QuantV1\\.venv\\Lib\\site-packages\\joblib\\_cloudpickle_wrapper.py'>, 'joblib._utils': <module 'joblib._utils' from 'D:\\PythonProject\\QuantV1\\.venv\\Lib\\site-packages\\joblib\\_utils.py'>, 'multiprocessing.pool': <module 'multiprocessing.pool' from 'C:\\Users\\Turn-\\AppData\\Roaming\\uv\\python\\cpython-3.12-windows-x86_64-none\\Lib\\multiprocessing\\pool.py'>, 'mmap': <module 'mmap' (built-in)>, 'joblib.backports': <module 'joblib.backports' from 'D:\\PythonProject\\QuantV1\\.venv\\Lib\\site-packages\\joblib\\backports.py'>, 'joblib.disk': <module 'joblib.disk' from 'D:\\PythonProject\\QuantV1\\.venv\\Lib\\site-packages\\joblib\\disk.py'>, 'runpy': <module 'runpy' (frozen)>, 'multiprocessing.spawn': <module 'multiprocessing.spawn' from 'C:\\Users\\Turn-\\AppData\\Roaming\\uv\\python\\cpython-3.12-windows-x86_64-none\\Lib\\multiprocessing\\spawn.py'>, 'multiprocessing.resource_tracker': <module 'multiprocessing.resource_tracker' from 'C:\\Users\\Turn-\\AppData\\Roaming\\uv\\python\\cpython-3.12-windows-x86_64-none\\Lib\\multiprocessing\\resource_tracker.py'>, 'joblib.externals.loky.backend.stdlib_py314_resource_tracker': <module 'joblib.externals.loky.backend.stdlib_py314_resource_tracker' from 'D:\\PythonProject\\QuantV1\\.venv\\Lib\\site-packages\\joblib\\externals\\loky\\backend\\stdlib_py314_resource_tracker.py'>, 'joblib.externals.loky.backend.spawn': <module 'joblib.externals.loky.backend.spawn' from 'D:\\PythonProject\\QuantV1\\.venv\\Lib\\site-packages\\joblib\\externals\\loky\\backend\\spawn.py'>, 'joblib.externals.loky.backend.resource_tracker': <module 'joblib.externals.loky.backend.resource_tracker' from 'D:\\PythonProject\\QuantV1\\.venv\\Lib\\site-packages\\joblib\\externals\\loky\\backend\\resource_tracker.py'>, 'joblib.compressor': <module 'joblib.compressor' from 'D:\\PythonProject\\QuantV1\\.venv\\Lib\\site-packages\\joblib\\compressor.py'>, 'joblib.numpy_pickle_utils': <module 'joblib.numpy_pickle_utils' from 'D:\\PythonProject\\QuantV1\\.venv\\Lib\\site-packages\\joblib\\numpy_pickle_utils.py'>, 'joblib.numpy_pickle_compat': <module 'joblib.numpy_pickle_compat' from 'D:\\PythonProject\\QuantV1\\.venv\\Lib\\site-packages\\joblib\\numpy_pickle_compat.py'>, 'joblib.numpy_pickle': <module 'joblib.numpy_pickle' from 'D:\\PythonProject\\QuantV1\\.venv\\Lib\\site-packages\\joblib\\numpy_pickle.py'>, 'joblib._memmapping_reducer': <module 'joblib._memmapping_reducer' from 'D:\\PythonProject\\QuantV1\\.venv\\Lib\\site-packages\\joblib\\_memmapping_reducer.py'>, 'joblib.executor': <module 'joblib.executor' from 'D:\\PythonProject\\QuantV1\\.venv\\Lib\\site-packages\\joblib\\executor.py'>, 'joblib.pool': <module 'joblib.pool' from 'D:\\PythonProject\\QuantV1\\.venv\\Lib\\site-packages\\joblib\\pool.py'>, 'joblib._parallel_backends': <module 'joblib._parallel_backends' from 'D:\\PythonProject\\QuantV1\\.venv\\Lib\\site-packages\\joblib\\_parallel_backends.py'>, 'joblib.logger': <module 'joblib.logger' from 'D:\\PythonProject\\QuantV1\\.venv\\Lib\\site-packages\\joblib\\logger.py'>, 'joblib._store_backends': <module 'joblib._store_backends' from 'D:\\PythonProject\\QuantV1\\.venv\\Lib\\site-packages\\joblib\\_store_backends.py'>, '_decimal': <module '_decimal' from 'C:\\Users\\Turn-\\AppData\\Roaming\\uv\\python\\cpython-3.12-windows-x86_64-none\\DLLs\\_decimal.pyd'>, 'decimal': <module 'decimal' from 'C:\\Users\\Turn-\\AppData\\Roaming\\uv\\python\\cpython-3.12-windows-x86_64-none\\Lib\\decimal.py'>, 'joblib.hashing': <module 'joblib.hashing' from 'D:\\PythonProject\\QuantV1\\.venv\\Lib\\site-packages\\joblib\\hashing.py'>, 'asyncio.constants': <module 'asyncio.constants' from 'C:\\Users\\Turn-\\AppData\\Roaming\\uv\\python\\cpython-3.12-windows-x86_64-none\\Lib\\asyncio\\constants.py'>, 'asyncio.coroutines': <module 'asyncio.coroutines' from 'C:\\Users\\Turn-\\AppData\\Roaming\\uv\\python\\cpython-3.12-windows-x86_64-none\\Lib\\asyncio\\coroutines.py'>, 'asyncio.format_helpers': <module 'asyncio.format_helpers' from 'C:\\Users\\Turn-\\AppData\\Roaming\\uv\\python\\cpython-3.12-windows-x86_64-none\\Lib\\asyncio\\format_helpers.py'>, 'asyncio.base_futures': <module 'asyncio.base_futures' from 'C:\\Users\\Turn-\\AppData\\Roaming\\uv\\python\\cpython-3.12-windows-x86_64-none\\Lib\\asyncio\\base_futures.py'>, 'asyncio.exceptions': <module 'asyncio.exceptions' from 'C:\\Users\\Turn-\\AppData\\Roaming\\uv\\python\\cpython-3.12-windows-x86_64-none\\Lib\\asyncio\\exceptions.py'>, 'asyncio.base_tasks': <module 'asyncio.base_tasks' from 'C:\\Users\\Turn-\\AppData\\Roaming\\uv\\python\\cpython-3.12-windows-x86_64-none\\Lib\\asyncio\\base_tasks.py'>, '_asyncio': <module '_asyncio' from 'C:\\Users\\Turn-\\AppData\\Roaming\\uv\\python\\cpython-3.12-windows-x86_64-none\\DLLs\\_asyncio.pyd'>, 'asyncio.events': <module 'asyncio.events' from 'C:\\Users\\Turn-\\AppData\\Roaming\\uv\\python\\cpython-3.12-windows-x86_64-none\\Lib\\asyncio\\events.py'>, 'asyncio.futures': <module 'asyncio.futures' from 'C:\\Users\\Turn-\\AppData\\Roaming\\uv\\python\\cpython-3.12-windows-x86_64-none\\Lib\\asyncio\\futures.py'>, 'asyncio.protocols': <module 'asyncio.protocols' from 'C:\\Users\\Turn-\\AppData\\Roaming\\uv\\python\\cpython-3.12-windows-x86_64-none\\Lib\\asyncio\\protocols.py'>, 'asyncio.transports': <module 'asyncio.transports' from 'C:\\Users\\Turn-\\AppData\\Roaming\\uv\\python\\cpython-3.12-windows-x86_64-none\\Lib\\asyncio\\transports.py'>, 'asyncio.log': <module 'asyncio.log' from 'C:\\Users\\Turn-\\AppData\\Roaming\\uv\\python\\cpython-3.12-windows-x86_64-none\\Lib\\asyncio\\log.py'>, 'asyncio.sslproto': <module 'asyncio.sslproto' from 'C:\\Users\\Turn-\\AppData\\Roaming\\uv\\python\\cpython-3.12-windows-x86_64-none\\Lib\\asyncio\\sslproto.py'>, 'asyncio.mixins': <module 'asyncio.mixins' from 'C:\\Users\\Turn-\\AppData\\Roaming\\uv\\python\\cpython-3.12-windows-x86_64-none\\Lib\\asyncio\\mixins.py'>, 'asyncio.locks': <module 'asyncio.locks' from 'C:\\Users\\Turn-\\AppData\\Roaming\\uv\\python\\cpython-3.12-windows-x86_64-none\\Lib\\asyncio\\locks.py'>, 'asyncio.timeouts': <module 'asyncio.timeouts' from 'C:\\Users\\Turn-\\AppData\\Roaming\\uv\\python\\cpython-3.12-windows-x86_64-none\\Lib\\asyncio\\timeouts.py'>, 'asyncio.tasks': <module 'asyncio.tasks' from 'C:\\Users\\Turn-\\AppData\\Roaming\\uv\\python\\cpython-3.12-windows-x86_64-none\\Lib\\asyncio\\tasks.py'>, 'asyncio.staggered': <module 'asyncio.staggered' from 'C:\\Users\\Turn-\\AppData\\Roaming\\uv\\python\\cpython-3.12-windows-x86_64-none\\Lib\\asyncio\\staggered.py'>, 'asyncio.trsock': <module 'asyncio.trsock' from 'C:\\Users\\Turn-\\AppData\\Roaming\\uv\\python\\cpython-3.12-windows-x86_64-none\\Lib\\asyncio\\trsock.py'>, 'asyncio.base_events': <module 'asyncio.base_events' from 'C:\\Users\\Turn-\\AppData\\Roaming\\uv\\python\\cpython-3.12-windows-x86_64-none\\Lib\\asyncio\\base_events.py'>, 'asyncio.runners': <module 'asyncio.runners' from 'C:\\Users\\Turn-\\AppData\\Roaming\\uv\\python\\cpython-3.12-windows-x86_64-none\\Lib\\asyncio\\runners.py'>, 'asyncio.queues': <module 'asyncio.queues' from 'C:\\Users\\Turn-\\AppData\\Roaming\\uv\\python\\cpython-3.12-windows-x86_64-none\\Lib\\asyncio\\queues.py'>, 'asyncio.streams': <module 'asyncio.streams' from 'C:\\Users\\Turn-\\AppData\\Roaming\\uv\\python\\cpython-3.12-windows-x86_64-none\\Lib\\asyncio\\streams.py'>, 'asyncio.subprocess': <module 'asyncio.subprocess' from 'C:\\Users\\Turn-\\AppData\\Roaming\\uv\\python\\cpython-3.12-windows-x86_64-none\\Lib\\asyncio\\subprocess.py'>, 'asyncio.taskgroups': <module 'asyncio.taskgroups' from 'C:\\Users\\Turn-\\AppData\\Roaming\\uv\\python\\cpython-3.12-windows-x86_64-none\\Lib\\asyncio\\taskgroups.py'>, 'asyncio.threads': <module 'asyncio.threads' from 'C:\\Users\\Turn-\\AppData\\Roaming\\uv\\python\\cpython-3.12-windows-x86_64-none\\Lib\\asyncio\\threads.py'>, '_overlapped': <module '_overlapped' from 'C:\\Users\\Turn-\\AppData\\Roaming\\uv\\python\\cpython-3.12-windows-x86_64-none\\DLLs\\_overlapped.pyd'>, 'asyncio.base_subprocess': <module 'asyncio.base_subprocess' from 'C:\\Users\\Turn-\\AppData\\Roaming\\uv\\python\\cpython-3.12-windows-x86_64-none\\Lib\\asyncio\\base_subprocess.py'>, 'asyncio.proactor_events': <module 'asyncio.proactor_events' from 'C:\\Users\\Turn-\\AppData\\Roaming\\uv\\python\\cpython-3.12-windows-x86_64-none\\Lib\\asyncio\\proactor_events.py'>, 'asyncio.selector_events': <module 'asyncio.selector_events' from 'C:\\Users\\Turn-\\AppData\\Roaming\\uv\\python\\cpython-3.12-windows-x86_64-none\\Lib\\asyncio\\selector_events.py'>, 'asyncio.windows_utils': <module 'asyncio.windows_utils' from 'C:\\Users\\Turn-\\AppData\\Roaming\\uv\\python\\cpython-3.12-windows-x86_64-none\\Lib\\asyncio\\windows_utils.py'>, 'asyncio.windows_events': <module 'asyncio.windows_events' from 'C:\\Users\\Turn-\\AppData\\Roaming\\uv\\python\\cpython-3.12-windows-x86_64-none\\Lib\\asyncio\\windows_events.py'>, 'asyncio': <module 'asyncio' from 'C:\\Users\\Turn-\\AppData\\Roaming\\uv\\python\\cpython-3.12-windows-x86_64-none\\Lib\\asyncio\\__init__.py'>, 'joblib.func_inspect': <module 'joblib.func_inspect' from 'D:\\PythonProject\\QuantV1\\.venv\\Lib\\site-packages\\joblib\\func_inspect.py'>, 'joblib.memory': <module 'joblib.memory' from 'D:\\PythonProject\\QuantV1\\.venv\\Lib\\site-packages\\joblib\\memory.py'>, 'joblib.parallel': <module 'joblib.parallel' from 'D:\\PythonProject\\QuantV1\\.venv\\Lib\\site-packages\\joblib\\parallel.py'>, 'joblib': <module 'joblib' from 'D:\\PythonProject\\QuantV1\\.venv\\Lib\\site-packages\\joblib\\__init__.py'>, 'narwhals._exceptions': <module 'narwhals._exceptions' from 'D:\\PythonProject\\QuantV1\\.venv\\Lib\\site-packages\\narwhals\\_exceptions.py'>, 'narwhals.dependencies': <module 'narwhals.dependencies' from 'D:\\PythonProject\\QuantV1\\.venv\\Lib\\site-packages\\narwhals\\dependencies.py'>, 'narwhals._enum': <module 'narwhals._enum' from 'D:\\PythonProject\\QuantV1\\.venv\\Lib\\site-packages\\narwhals\\_enum.py'>, 'narwhals._typing_compat': <module 'narwhals._typing_compat' from 'D:\\PythonProject\\QuantV1\\.venv\\Lib\\site-packages\\narwhals\\_typing_compat.py'>, 'narwhals.exceptions': <module 'narwhals.exceptions' from 'D:\\PythonProject\\QuantV1\\.venv\\Lib\\site-packages\\narwhals\\exceptions.py'>, 'narwhals._utils': <module 'narwhals._utils' from 'D:\\PythonProject\\QuantV1\\.venv\\Lib\\site-packages\\narwhals\\_utils.py'>, 'narwhals.dtypes': <module 'narwhals.dtypes' from 'D:\\PythonProject\\QuantV1\\.venv\\Lib\\site-packages\\narwhals\\dtypes.py'>, 'narwhals._expression_parsing': <module 'narwhals._expression_parsing' from 'D:\\PythonProject\\QuantV1\\.venv\\Lib\\site-packages\\narwhals\\_expression_parsing.py'>, 'narwhals.expr_cat': <module 'narwhals.expr_cat' from 'D:\\PythonProject\\QuantV1\\.venv\\Lib\\site-packages\\narwhals\\expr_cat.py'>, 'narwhals.expr_dt': <module 'narwhals.expr_dt' from 'D:\\PythonProject\\QuantV1\\.venv\\Lib\\site-packages\\narwhals\\expr_dt.py'>, 'narwhals.expr_list': <module 'narwhals.expr_list' from 'D:\\PythonProject\\QuantV1\\.venv\\Lib\\site-packages\\narwhals\\expr_list.py'>, 'narwhals.expr_name': <module 'narwhals.expr_name' from 'D:\\PythonProject\\QuantV1\\.venv\\Lib\\site-packages\\narwhals\\expr_name.py'>, 'narwhals.expr_str': <module 'narwhals.expr_str' from 'D:\\PythonProject\\QuantV1\\.venv\\Lib\\site-packages\\narwhals\\expr_str.py'>, 'narwhals.expr_struct': <module 'narwhals.expr_struct' from 'D:\\PythonProject\\QuantV1\\.venv\\Lib\\site-packages\\narwhals\\expr_struct.py'>, 'narwhals._compliant.typing': <module 'narwhals._compliant.typing' from 'D:\\PythonProject\\QuantV1\\.venv\\Lib\\site-packages\\narwhals\\_compliant\\typing.py'>, 'narwhals._translate': <module 'narwhals._translate' from 'D:\\PythonProject\\QuantV1\\.venv\\Lib\\site-packages\\narwhals\\_translate.py'>, 'narwhals._compliant.dataframe': <module 'narwhals._compliant.dataframe' from 'D:\\PythonProject\\QuantV1\\.venv\\Lib\\site-packages\\narwhals\\_compliant\\dataframe.py'>, 'narwhals._compliant.any_namespace': <module 'narwhals._compliant.any_namespace' from 'D:\\PythonProject\\QuantV1\\.venv\\Lib\\site-packages\\narwhals\\_compliant\\any_namespace.py'>, 'narwhals._compliant.column': <module 'narwhals._compliant.column' from 'D:\\PythonProject\\QuantV1\\.venv\\Lib\\site-packages\\narwhals\\_compliant\\column.py'>, 'narwhals._compliant.expr': <module 'narwhals._compliant.expr' from 'D:\\PythonProject\\QuantV1\\.venv\\Lib\\site-packages\\narwhals\\_compliant\\expr.py'>, 'narwhals._compliant.group_by': <module 'narwhals._compliant.group_by' from 'D:\\PythonProject\\QuantV1\\.venv\\Lib\\site-packages\\narwhals\\_compliant\\group_by.py'>, 'narwhals._compliant.namespace': <module 'narwhals._compliant.namespace' from 'D:\\PythonProject\\QuantV1\\.venv\\Lib\\site-packages\\narwhals\\_compliant\\namespace.py'>, 'narwhals._compliant.selectors': <module 'narwhals._compliant.selectors' from 'D:\\PythonProject\\QuantV1\\.venv\\Lib\\site-packages\\narwhals\\_compliant\\selectors.py'>, 'narwhals._compliant.series': <module 'narwhals._compliant.series' from 'D:\\PythonProject\\QuantV1\\.venv\\Lib\\site-packages\\narwhals\\_compliant\\series.py'>, 'narwhals._compliant.window': <module 'narwhals._compliant.window' from 'D:\\PythonProject\\QuantV1\\.venv\\Lib\\site-packages\\narwhals\\_compliant\\window.py'>, 'narwhals._compliant': <module 'narwhals._compliant' from 'D:\\PythonProject\\QuantV1\\.venv\\Lib\\site-packages\\narwhals\\_compliant\\__init__.py'>, 'narwhals._typing': <module 'narwhals._typing' from 'D:\\PythonProject\\QuantV1\\.venv\\Lib\\site-packages\\narwhals\\_typing.py'>, 'narwhals.plugins': <module 'narwhals.plugins' from 'D:\\PythonProject\\QuantV1\\.venv\\Lib\\site-packages\\narwhals\\plugins.py'>, 'narwhals._constants': <module 'narwhals._constants' from 'D:\\PythonProject\\QuantV1\\.venv\\Lib\\site-packages\\narwhals\\_constants.py'>, 'narwhals._native': <module 'narwhals._native' from 'D:\\PythonProject\\QuantV1\\.venv\\Lib\\site-packages\\narwhals\\_native.py'>, 'narwhals.translate': <module 'narwhals.translate' from 'D:\\PythonProject\\QuantV1\\.venv\\Lib\\site-packages\\narwhals\\translate.py'>, 'narwhals.expr': <module 'narwhals.expr' from 'D:\\PythonProject\\QuantV1\\.venv\\Lib\\site-packages\\narwhals\\expr.py'>, 'narwhals.selectors': <module 'narwhals.selectors' from 'D:\\PythonProject\\QuantV1\\.venv\\Lib\\site-packages\\narwhals\\selectors.py'>, 'narwhals.schema': <module 'narwhals.schema' from 'D:\\PythonProject\\QuantV1\\.venv\\Lib\\site-packages\\narwhals\\schema.py'>, 'narwhals.functions': <module 'narwhals.functions' from 'D:\\PythonProject\\QuantV1\\.venv\\Lib\\site-packages\\narwhals\\functions.py'>, 'narwhals.typing': <module 'narwhals.typing' from 'D:\\PythonProject\\QuantV1\\.venv\\Lib\\site-packages\\narwhals\\typing.py'>, 'narwhals.series_cat': <module 'narwhals.series_cat' from 'D:\\PythonProject\\QuantV1\\.venv\\Lib\\site-packages\\narwhals\\series_cat.py'>, 'narwhals.series_dt': <module 'narwhals.series_dt' from 'D:\\PythonProject\\QuantV1\\.venv\\Lib\\site-packages\\narwhals\\series_dt.py'>, 'narwhals.series_list': <module 'narwhals.series_list' from 'D:\\PythonProject\\QuantV1\\.venv\\Lib\\site-packages\\narwhals\\series_list.py'>, 'narwhals.series_str': <module 'narwhals.series_str' from 'D:\\PythonProject\\QuantV1\\.venv\\Lib\\site-packages\\narwhals\\series_str.py'>, 'narwhals.series_struct': <module 'narwhals.series_struct' from 'D:\\PythonProject\\QuantV1\\.venv\\Lib\\site-packages\\narwhals\\series_struct.py'>, 'narwhals.series': <module 'narwhals.series' from 'D:\\PythonProject\\QuantV1\\.venv\\Lib\\site-packages\\narwhals\\series.py'>, 'narwhals.dataframe': <module 'narwhals.dataframe' from 'D:\\PythonProject\\QuantV1\\.venv\\Lib\\site-packages\\narwhals\\dataframe.py'>, 'narwhals': <module 'narwhals' from 'D:\\PythonProject\\QuantV1\\.venv\\Lib\\site-packages\\narwhals\\__init__.py'>, 'narwhals.stable.v1.dependencies': <module 'narwhals.stable.v1.dependencies' from 'D:\\PythonProject\\QuantV1\\.venv\\Lib\\site-packages\\narwhals\\stable\\v1\\dependencies.py'>, 'narwhals.stable.v1._dtypes': <module 'narwhals.stable.v1._dtypes' from 'D:\\PythonProject\\QuantV1\\.venv\\Lib\\site-packages\\narwhals\\stable\\v1\\_dtypes.py'>, 'narwhals.stable.v1.dtypes': <module 'narwhals.stable.v1.dtypes' from 'D:\\PythonProject\\QuantV1\\.venv\\Lib\\site-packages\\narwhals\\stable\\v1\\dtypes.py'>, 'narwhals.stable.v1.selectors': <module 'narwhals.stable.v1.selectors' from 'D:\\PythonProject\\QuantV1\\.venv\\Lib\\site-packages\\narwhals\\stable\\v1\\selectors.py'>, 'narwhals.stable.v1.typing': <module 'narwhals.stable.v1.typing' from 'D:\\PythonProject\\QuantV1\\.venv\\Lib\\site-packages\\narwhals\\stable\\v1\\typing.py'>, 'narwhals.stable.v1': <module 'narwhals.stable.v1' from 'D:\\PythonProject\\QuantV1\\.venv\\Lib\\site-packages\\narwhals\\stable\\v1\\__init__.py'>, 'narwhals.stable.v2.dependencies': <module 'narwhals.stable.v2.dependencies' from 'D:\\PythonProject\\QuantV1\\.venv\\Lib\\site-packages\\narwhals\\stable\\v2\\dependencies.py'>, 'narwhals.stable.v2.dtypes': <module 'narwhals.stable.v2.dtypes' from 'D:\\PythonProject\\QuantV1\\.venv\\Lib\\site-packages\\narwhals\\stable\\v2\\dtypes.py'>, 'narwhals.stable.v2.selectors': <module 'narwhals.stable.v2.selectors' from 'D:\\PythonProject\\QuantV1\\.venv\\Lib\\site-packages\\narwhals\\stable\\v2\\selectors.py'>, 'narwhals.stable.v2.typing': <module 'narwhals.stable.v2.typing' from 'D:\\PythonProject\\QuantV1\\.venv\\Lib\\site-packages\\narwhals\\stable\\v2\\typing.py'>, 'narwhals.stable.v2': <module 'narwhals.stable.v2' from 'D:\\PythonProject\\QuantV1\\.venv\\Lib\\site-packages\\narwhals\\stable\\v2\\__init__.py'>, 'narwhals.stable': <module 'narwhals.stable' from 'D:\\PythonProject\\QuantV1\\.venv\\Lib\\site-packages\\narwhals\\stable\\__init__.py'>, 'scipy.special._sf_error': <module 'scipy.special._sf_error' from 'D:\\PythonProject\\QuantV1\\.venv\\Lib\\site-packages\\scipy\\special\\_sf_error.py'>, 'scipy.special._ufuncs_cxx': <module 'scipy.special._ufuncs_cxx' from 'D:\\PythonProject\\QuantV1\\.venv\\Lib\\site-packages\\scipy\\special\\_ufuncs_cxx.cp312-win_amd64.pyd'>, 'scipy.linalg._fblas': <module 'scipy.linalg._fblas' from 'D:\\PythonProject\\QuantV1\\.venv\\Lib\\site-packages\\scipy\\linalg\\_fblas.cp312-win_amd64.pyd'>, 'scipy.linalg.blas': <module 'scipy.linalg.blas' from 'D:\\PythonProject\\QuantV1\\.venv\\Lib\\site-packages\\scipy\\linalg\\blas.py'>, 'scipy.linalg._flapack': <module 'scipy.linalg._flapack' from 'D:\\PythonProject\\QuantV1\\.venv\\Lib\\site-packages\\scipy\\linalg\\_flapack.cp312-win_amd64.pyd'>, 'scipy.linalg.lapack': <module 'scipy.linalg.lapack' from 'D:\\PythonProject\\QuantV1\\.venv\\Lib\\site-packages\\scipy\\linalg\\lapack.py'>, 'scipy.linalg._batched_linalg': <module 'scipy.linalg._batched_linalg' from 'D:\\PythonProject\\QuantV1\\.venv\\Lib\\site-packages\\scipy\\linalg\\_batched_linalg.cp312-win_amd64.pyd'>, 'scipy.linalg._misc': <module 'scipy.linalg._misc' from 'D:\\PythonProject\\QuantV1\\.venv\\Lib\\site-packages\\scipy\\linalg\\_misc.py'>, 'scipy.linalg._cythonized_array_utils': <module 'scipy.linalg._cythonized_array_utils' from 'D:\\PythonProject\\QuantV1\\.venv\\Lib\\site-packages\\scipy\\linalg\\_cythonized_array_utils.cp312-win_amd64.pyd'>, 'scipy.linalg._decomp': <module 'scipy.linalg._decomp' from 'D:\\PythonProject\\QuantV1\\.venv\\Lib\\site-packages\\scipy\\linalg\\_decomp.py'>, 'scipy.linalg._decomp_svd': <module 'scipy.linalg._decomp_svd' from 'D:\\PythonProject\\QuantV1\\.venv\\Lib\\site-packages\\scipy\\linalg\\_decomp_svd.py'>, 'scipy.linalg._solve_toeplitz': <module 'scipy.linalg._solve_toeplitz' from 'D:\\PythonProject\\QuantV1\\.venv\\Lib\\site-packages\\scipy\\linalg\\_solve_toeplitz.cp312-win_amd64.pyd'>, 'scipy.linalg._basic': <module 'scipy.linalg._basic' from 'D:\\PythonProject\\QuantV1\\.venv\\Lib\\site-packages\\scipy\\linalg\\_basic.py'>, 'scipy.linalg._decomp_lu': <module 'scipy.linalg._decomp_lu' from 'D:\\PythonProject\\QuantV1\\.venv\\Lib\\site-packages\\scipy\\linalg\\_decomp_lu.py'>, 'scipy.linalg._decomp_ldl': <module 'scipy.linalg._decomp_ldl' from 'D:\\PythonProject\\QuantV1\\.venv\\Lib\\site-packages\\scipy\\linalg\\_decomp_ldl.py'>, 'scipy.linalg._decomp_cholesky': <module 'scipy.linalg._decomp_cholesky' from 'D:\\PythonProject\\QuantV1\\.venv\\Lib\\site-packages\\scipy\\linalg\\_decomp_cholesky.py'>, 'scipy.linalg._decomp_qr': <module 'scipy.linalg._decomp_qr' from 'D:\\PythonProject\\QuantV1\\.venv\\Lib\\site-packages\\scipy\\linalg\\_decomp_qr.py'>, 'scipy.linalg._decomp_qz': <module 'scipy.linalg._decomp_qz' from 'D:\\PythonProject\\QuantV1\\.venv\\Lib\\site-packages\\scipy\\linalg\\_decomp_qz.py'>, 'scipy.linalg._decomp_schur': <module 'scipy.linalg._decomp_schur' from 'D:\\PythonProject\\QuantV1\\.venv\\Lib\\site-packages\\scipy\\linalg\\_decomp_schur.py'>, 'scipy.linalg._decomp_polar': <module 'scipy.linalg._decomp_polar' from 'D:\\PythonProject\\QuantV1\\.venv\\Lib\\site-packages\\scipy\\linalg\\_decomp_polar.py'>, 'scipy.linalg._expm_frechet': <module 'scipy.linalg._expm_frechet' from 'D:\\PythonProject\\QuantV1\\.venv\\Lib\\site-packages\\scipy\\linalg\\_expm_frechet.py'>, 'scipy.linalg._internal_matfuncs': <module 'scipy.linalg._internal_matfuncs' from 'D:\\PythonProject\\QuantV1\\.venv\\Lib\\site-packages\\scipy\\linalg\\_internal_matfuncs.cp312-win_amd64.pyd'>, 'scipy.linalg._linalg_pythran': <module 'scipy.linalg._linalg_pythran' from 'D:\\PythonProject\\QuantV1\\.venv\\Lib\\site-packages\\scipy\\linalg\\_linalg_pythran.cp312-win_amd64.pyd'>, 'scipy.linalg._matfuncs': <module 'scipy.linalg._matfuncs' from 'D:\\PythonProject\\QuantV1\\.venv\\Lib\\site-packages\\scipy\\linalg\\_matfuncs.py'>, 'scipy.linalg._special_matrices': <module 'scipy.linalg._special_matrices' from 'D:\\PythonProject\\QuantV1\\.venv\\Lib\\site-packages\\scipy\\linalg\\_special_matrices.py'>, 'scipy.linalg._solvers': <module 'scipy.linalg._solvers' from 'D:\\PythonProject\\QuantV1\\.venv\\Lib\\site-packages\\scipy\\linalg\\_solvers.py'>, 'scipy.linalg._procrustes': <module 'scipy.linalg._procrustes' from 'D:\\PythonProject\\QuantV1\\.venv\\Lib\\site-packages\\scipy\\linalg\\_procrustes.py'>, 'scipy.linalg.cython_blas': <module 'scipy.linalg.cython_blas' from 'D:\\PythonProject\\QuantV1\\.venv\\Lib\\site-packages\\scipy\\linalg\\cython_blas.cp312-win_amd64.pyd'>, 'scipy.linalg.cython_lapack': <module 'scipy.linalg.cython_lapack' from 'D:\\PythonProject\\QuantV1\\.venv\\Lib\\site-packages\\scipy\\linalg\\cython_lapack.cp312-win_amd64.pyd'>, 'scipy.linalg._decomp_update': <module 'scipy.linalg._decomp_update' from 'D:\\PythonProject\\QuantV1\\.venv\\Lib\\site-packages\\scipy\\linalg\\_decomp_update.cp312-win_amd64.pyd'>, 'scipy.linalg._sketches': <module 'scipy.linalg._sketches' from 'D:\\PythonProject\\QuantV1\\.venv\\Lib\\site-packages\\scipy\\linalg\\_sketches.py'>, 'scipy.linalg._decomp_cossin': <module 'scipy.linalg._decomp_cossin' from 'D:\\PythonProject\\QuantV1\\.venv\\Lib\\site-packages\\scipy\\linalg\\_decomp_cossin.py'>, 'scipy.linalg.decomp': <module 'scipy.linalg.decomp' from 'D:\\PythonProject\\QuantV1\\.venv\\Lib\\site-packages\\scipy\\linalg\\decomp.py'>, 'scipy.linalg.decomp_cholesky': <module 'scipy.linalg.decomp_cholesky' from 'D:\\PythonProject\\QuantV1\\.venv\\Lib\\site-packages\\scipy\\linalg\\decomp_cholesky.py'>, 'scipy.linalg.decomp_lu': <module 'scipy.linalg.decomp_lu' from 'D:\\PythonProject\\QuantV1\\.venv\\Lib\\site-packages\\scipy\\linalg\\decomp_lu.py'>, 'scipy.linalg.decomp_qr': <module 'scipy.linalg.decomp_qr' from 'D:\\PythonProject\\QuantV1\\.venv\\Lib\\site-packages\\scipy\\linalg\\decomp_qr.py'>, 'scipy.linalg.decomp_svd': <module 'scipy.linalg.decomp_svd' from 'D:\\PythonProject\\QuantV1\\.venv\\Lib\\site-packages\\scipy\\linalg\\decomp_svd.py'>, 'scipy.linalg.decomp_schur': <module 'scipy.linalg.decomp_schur' from 'D:\\PythonProject\\QuantV1\\.venv\\Lib\\site-packages\\scipy\\linalg\\decomp_schur.py'>, 'scipy.linalg.basic': <module 'scipy.linalg.basic' from 'D:\\PythonProject\\QuantV1\\.venv\\Lib\\site-packages\\scipy\\linalg\\basic.py'>, 'scipy.linalg.misc': <module 'scipy.linalg.misc' from 'D:\\PythonProject\\QuantV1\\.venv\\Lib\\site-packages\\scipy\\linalg\\misc.py'>, 'scipy.linalg.special_matrices': <module 'scipy.linalg.special_matrices' from 'D:\\PythonProject\\QuantV1\\.venv\\Lib\\site-packages\\scipy\\linalg\\special_matrices.py'>, 'scipy.linalg.matfuncs': <module 'scipy.linalg.matfuncs' from 'D:\\PythonProject\\QuantV1\\.venv\\Lib\\site-packages\\scipy\\linalg\\matfuncs.py'>, 'scipy.linalg': <module 'scipy.linalg' from 'D:\\PythonProject\\QuantV1\\.venv\\Lib\\site-packages\\scipy\\linalg\\__init__.py'>, 'scipy.special._ellip_harm_2': <module 'scipy.special._ellip_harm_2' from 'D:\\PythonProject\\QuantV1\\.venv\\Lib\\site-packages\\scipy\\special\\_ellip_harm_2.cp312-win_amd64.pyd'>, 'scipy.special._special_ufuncs': <module 'scipy.special._special_ufuncs' from 'D:\\PythonProject\\QuantV1\\.venv\\Lib\\site-packages\\scipy\\special\\_special_ufuncs.cp312-win_amd64.pyd'>, 'scipy.special._gufuncs': <module 'scipy.special._gufuncs' from 'D:\\PythonProject\\QuantV1\\.venv\\Lib\\site-packages\\scipy\\special\\_gufuncs.cp312-win_amd64.pyd'>, 'scipy.special._ufuncs': <module 'scipy.special._ufuncs' from 'D:\\PythonProject\\QuantV1\\.venv\\Lib\\site-packages\\scipy\\special\\_ufuncs.cp312-win_amd64.pyd'>, 'scipy.special._input_validation': <module 'scipy.special._input_validation' from 'D:\\PythonProject\\QuantV1\\.venv\\Lib\\site-packages\\scipy\\special\\_input_validation.py'>, 'scipy.special._specfun': <module 'scipy.special._specfun' from 'D:\\PythonProject\\QuantV1\\.venv\\Lib\\site-packages\\scipy\\special\\_specfun.cp312-win_amd64.pyd'>, 'scipy.special._comb': <module 'scipy.special._comb' from 'D:\\PythonProject\\QuantV1\\.venv\\Lib\\site-packages\\scipy\\special\\_comb.cp312-win_amd64.pyd'>, 'scipy.special._basic': <module 'scipy.special._basic' from 'D:\\PythonProject\\QuantV1\\.venv\\Lib\\site-packages\\scipy\\special\\_basic.py'>, 'scipy.special._ufunc_tools': <module 'scipy.special._ufunc_tools' from 'D:\\PythonProject\\QuantV1\\.venv\\Lib\\site-packages\\scipy\\special\\_ufunc_tools.py'>, 'scipy.special._spfun_stats': <module 'scipy.special._spfun_stats' from 'D:\\PythonProject\\QuantV1\\.venv\\Lib\\site-packages\\scipy\\special\\_spfun_stats.py'>, 'scipy.special._support_alternative_backends': <module 'scipy.special._support_alternative_backends' from 'D:\\PythonProject\\QuantV1\\.venv\\Lib\\site-packages\\scipy\\special\\_support_alternative_backends.py'>, 'scipy.special._logsumexp': <module 'scipy.special._logsumexp' from 'D:\\PythonProject\\QuantV1\\.venv\\Lib\\site-packages\\scipy\\special\\_logsumexp.py'>, 'scipy.special._multiufuncs': <module 'scipy.special._multiufuncs' from 'D:\\PythonProject\\QuantV1\\.venv\\Lib\\site-packages\\scipy\\special\\_multiufuncs.py'>, 'scipy.special._orthogonal': <module 'scipy.special._orthogonal' from 'D:\\PythonProject\\QuantV1\\.venv\\Lib\\site-packages\\scipy\\special\\_orthogonal.py'>, 'scipy.special._ellip_harm': <module 'scipy.special._ellip_harm' from 'D:\\PythonProject\\QuantV1\\.venv\\Lib\\site-packages\\scipy\\special\\_ellip_harm.py'>, 'scipy.special._lambertw': <module 'scipy.special._lambertw' from 'D:\\PythonProject\\QuantV1\\.venv\\Lib\\site-packages\\scipy\\special\\_lambertw.py'>, 'scipy.special._spherical_bessel': <module 'scipy.special._spherical_bessel' from 'D:\\PythonProject\\QuantV1\\.venv\\Lib\\site-packages\\scipy\\special\\_spherical_bessel.py'>, 'scipy.special.add_newdocs': <module 'scipy.special.add_newdocs' from 'D:\\PythonProject\\QuantV1\\.venv\\Lib\\site-packages\\scipy\\special\\add_newdocs.py'>, 'scipy.special.basic': <module 'scipy.special.basic' from 'D:\\PythonProject\\QuantV1\\.venv\\Lib\\site-packages\\scipy\\special\\basic.py'>, 'scipy.special.orthogonal': <module 'scipy.special.orthogonal' from 'D:\\PythonProject\\QuantV1\\.venv\\Lib\\site-packages\\scipy\\special\\orthogonal.py'>, 'scipy.special.specfun': <module 'scipy.special.specfun' from 'D:\\PythonProject\\QuantV1\\.venv\\Lib\\site-packages\\scipy\\special\\specfun.py'>, 'scipy.special.sf_error': <module 'scipy.special.sf_error' from 'D:\\PythonProject\\QuantV1\\.venv\\Lib\\site-packages\\scipy\\special\\sf_error.py'>, 'scipy.special.spfun_stats': <module 'scipy.special.spfun_stats' from 'D:\\PythonProject\\QuantV1\\.venv\\Lib\\site-packages\\scipy\\special\\spfun_stats.py'>, 'scipy.special': <module 'scipy.special' from 'D:\\PythonProject\\QuantV1\\.venv\\Lib\\site-packages\\scipy\\special\\__init__.py'>, 'sklearn.externals': <module 'sklearn.externals' from 'D:\\PythonProject\\QuantV1\\.venv\\Lib\\site-packages\\sklearn\\externals\\__init__.py'>, 'sklearn.externals.array_api_compat.common._typing': <module 'sklearn.externals.array_api_compat.common._typing' from 'D:\\PythonProject\\QuantV1\\.venv\\Lib\\site-packages\\sklearn\\externals\\array_api_compat\\common\\_typing.py'>, 'sklearn.externals.array_api_compat.common._helpers': <module 'sklearn.externals.array_api_compat.common._helpers' from 'D:\\PythonProject\\QuantV1\\.venv\\Lib\\site-packages\\sklearn\\externals\\array_api_compat\\common\\_helpers.py'>, 'sklearn.externals.array_api_compat.common': <module 'sklearn.externals.array_api_compat.common' from 'D:\\PythonProject\\QuantV1\\.venv\\Lib\\site-packages\\sklearn\\externals\\array_api_compat\\common\\__init__.py'>, 'sklearn.externals.array_api_compat': <module 'sklearn.externals.array_api_compat' from 'D:\\PythonProject\\QuantV1\\.venv\\Lib\\site-packages\\sklearn\\externals\\array_api_compat\\__init__.py'>, 'sklearn.externals.array_api_extra._lib': <module 'sklearn.externals.array_api_extra._lib' from 'D:\\PythonProject\\QuantV1\\.venv\\Lib\\site-packages\\sklearn\\externals\\array_api_extra\\_lib\\__init__.py'>, 'sklearn.externals.array_api_extra._lib._utils': <module 'sklearn.externals.array_api_extra._lib._utils' from 'D:\\PythonProject\\QuantV1\\.venv\\Lib\\site-packages\\sklearn\\externals\\array_api_extra\\_lib\\_utils\\__init__.py'>, 'sklearn.externals._array_api_compat_vendor': <module 'sklearn.externals._array_api_compat_vendor' from 'D:\\PythonProject\\QuantV1\\.venv\\Lib\\site-packages\\sklearn\\externals\\_array_api_compat_vendor.py'>, 'sklearn.externals.array_api_extra._lib._utils._compat': <module 'sklearn.externals.array_api_extra._lib._utils._compat' from 'D:\\PythonProject\\QuantV1\\.venv\\Lib\\site-packages\\sklearn\\externals\\array_api_extra\\_lib\\_utils\\_compat.py'>, 'sklearn.externals.array_api_extra._lib._utils._typing': <module 'sklearn.externals.array_api_extra._lib._utils._typing' from 'D:\\PythonProject\\QuantV1\\.venv\\Lib\\site-packages\\sklearn\\externals\\array_api_extra\\_lib\\_utils\\_typing.py'>, 'sklearn.externals.array_api_extra._lib._utils._helpers': <module 'sklearn.externals.array_api_extra._lib._utils._helpers' from 'D:\\PythonProject\\QuantV1\\.venv\\Lib\\site-packages\\sklearn\\externals\\array_api_extra\\_lib\\_utils\\_helpers.py'>, 'sklearn.externals.array_api_extra._lib._at': <module 'sklearn.externals.array_api_extra._lib._at' from 'D:\\PythonProject\\QuantV1\\.venv\\Lib\\site-packages\\sklearn\\externals\\array_api_extra\\_lib\\_at.py'>, 'sklearn.externals.array_api_extra._lib._funcs': <module 'sklearn.externals.array_api_extra._lib._funcs' from 'D:\\PythonProject\\QuantV1\\.venv\\Lib\\site-packages\\sklearn\\externals\\array_api_extra\\_lib\\_funcs.py'>, 'sklearn.externals.array_api_extra._delegation': <module 'sklearn.externals.array_api_extra._delegation' from 'D:\\PythonProject\\QuantV1\\.venv\\Lib\\site-packages\\sklearn\\externals\\array_api_extra\\_delegation.py'>, 'sklearn.externals.array_api_extra._lib._lazy': <module 'sklearn.externals.array_api_extra._lib._lazy' from 'D:\\PythonProject\\QuantV1\\.venv\\Lib\\site-packages\\sklearn\\externals\\array_api_extra\\_lib\\_lazy.py'>, 'sklearn.externals.array_api_extra': <module 'sklearn.externals.array_api_extra' from 'D:\\PythonProject\\QuantV1\\.venv\\Lib\\site-packages\\sklearn\\externals\\array_api_extra\\__init__.py'>, 'sklearn.externals.array_api_compat._internal': <module 'sklearn.externals.array_api_compat._internal' from 'D:\\PythonProject\\QuantV1\\.venv\\Lib\\site-packages\\sklearn\\externals\\array_api_compat\\_internal.py'>, 'sklearn.externals.array_api_compat.common._aliases': <module 'sklearn.externals.array_api_compat.common._aliases' from 'D:\\PythonProject\\QuantV1\\.venv\\Lib\\site-packages\\sklearn\\externals\\array_api_compat\\common\\_aliases.py'>, 'sklearn.externals.array_api_compat.numpy._typing': <module 'sklearn.externals.array_api_compat.numpy._typing' from 'D:\\PythonProject\\QuantV1\\.venv\\Lib\\site-packages\\sklearn\\externals\\array_api_compat\\numpy\\_typing.py'>, 'sklearn.externals.array_api_compat.numpy._aliases': <module 'sklearn.externals.array_api_compat.numpy._aliases' from 'D:\\PythonProject\\QuantV1\\.venv\\Lib\\site-packages\\sklearn\\externals\\array_api_compat\\numpy\\_aliases.py'>, 'sklearn.externals.array_api_compat.numpy._info': <module 'sklearn.externals.array_api_compat.numpy._info' from 'D:\\PythonProject\\QuantV1\\.venv\\Lib\\site-packages\\sklearn\\externals\\array_api_compat\\numpy\\_info.py'>, 'sklearn.externals.array_api_compat.common._linalg': <module 'sklearn.externals.array_api_compat.common._linalg' from 'D:\\PythonProject\\QuantV1\\.venv\\Lib\\site-packages\\sklearn\\externals\\array_api_compat\\common\\_linalg.py'>, 'sklearn.externals.array_api_compat.numpy.linalg': <module 'sklearn.externals.array_api_compat.numpy.linalg' from 'D:\\PythonProject\\QuantV1\\.venv\\Lib\\site-packages\\sklearn\\externals\\array_api_compat\\numpy\\linalg.py'>, 'sklearn.externals.array_api_compat.common._fft': <module 'sklearn.externals.array_api_compat.common._fft' from 'D:\\PythonProject\\QuantV1\\.venv\\Lib\\site-packages\\sklearn\\externals\\array_api_compat\\common\\_fft.py'>, 'sklearn.externals.array_api_compat.numpy.fft': <module 'sklearn.externals.array_api_compat.numpy.fft' from 'D:\\PythonProject\\QuantV1\\.venv\\Lib\\site-packages\\sklearn\\externals\\array_api_compat\\numpy\\fft.py'>, 'sklearn.externals.array_api_compat.numpy': <module 'sklearn.externals.array_api_compat.numpy' from 'D:\\PythonProject\\QuantV1\\.venv\\Lib\\site-packages\\sklearn\\externals\\array_api_compat\\numpy\\__init__.py'>, 'sklearn.utils._dataframe': <module 'sklearn.utils._dataframe' from 'D:\\PythonProject\\QuantV1\\.venv\\Lib\\site-packages\\sklearn\\utils\\_dataframe.py'>, 'scipy.sparse.linalg._interface': <module 'scipy.sparse.linalg._interface' from 'D:\\PythonProject\\QuantV1\\.venv\\Lib\\site-packages\\scipy\\sparse\\linalg\\_interface.py'>, 'scipy.sparse.linalg._isolve.utils': <module 'scipy.sparse.linalg._isolve.utils' from 'D:\\PythonProject\\QuantV1\\.venv\\Lib\\site-packages\\scipy\\sparse\\linalg\\_isolve\\utils.py'>, 'scipy.sparse.linalg._isolve.iterative': <module 'scipy.sparse.linalg._isolve.iterative' from 'D:\\PythonProject\\QuantV1\\.venv\\Lib\\site-packages\\scipy\\sparse\\linalg\\_isolve\\iterative.py'>, 'scipy.sparse.linalg._isolve.minres': <module 'scipy.sparse.linalg._isolve.minres' from 'D:\\PythonProject\\QuantV1\\.venv\\Lib\\site-packages\\scipy\\sparse\\linalg\\_isolve\\minres.py'>, 'scipy.sparse.linalg._isolve._gcrotmk': <module 'scipy.sparse.linalg._isolve._gcrotmk' from 'D:\\PythonProject\\QuantV1\\.venv\\Lib\\site-packages\\scipy\\sparse\\linalg\\_isolve\\_gcrotmk.py'>, 'scipy.sparse.linalg._isolve.lgmres': <module 'scipy.sparse.linalg._isolve.lgmres' from 'D:\\PythonProject\\QuantV1\\.venv\\Lib\\site-packages\\scipy\\sparse\\linalg\\_isolve\\lgmres.py'>, 'scipy.sparse.linalg._isolve.lsqr': <module 'scipy.sparse.linalg._isolve.lsqr' from 'D:\\PythonProject\\QuantV1\\.venv\\Lib\\site-packages\\scipy\\sparse\\linalg\\_isolve\\lsqr.py'>, 'scipy.sparse.linalg._isolve.lsmr': <module 'scipy.sparse.linalg._isolve.lsmr' from 'D:\\PythonProject\\QuantV1\\.venv\\Lib\\site-packages\\scipy\\sparse\\linalg\\_isolve\\lsmr.py'>, 'scipy.sparse.linalg._isolve.tfqmr': <module 'scipy.sparse.linalg._isolve.tfqmr' from 'D:\\PythonProject\\QuantV1\\.venv\\Lib\\site-packages\\scipy\\sparse\\linalg\\_isolve\\tfqmr.py'>, 'scipy.sparse.linalg._isolve': <module 'scipy.sparse.linalg._isolve' from 'D:\\PythonProject\\QuantV1\\.venv\\Lib\\site-packages\\scipy\\sparse\\linalg\\_isolve\\__init__.py'>, 'scipy.sparse.linalg._dsolve._superlu': <module 'scipy.sparse.linalg._dsolve._superlu' from 'D:\\PythonProject\\QuantV1\\.venv\\Lib\\site-packages\\scipy\\sparse\\linalg\\_dsolve\\_superlu.cp312-win_amd64.pyd'>, 'scipy.sparse.linalg._dsolve.linsolve': <module 'scipy.sparse.linalg._dsolve.linsolve' from 'D:\\PythonProject\\QuantV1\\.venv\\Lib\\site-packages\\scipy\\sparse\\linalg\\_dsolve\\linsolve.py'>, 'scipy.sparse.linalg._dsolve._add_newdocs': <module 'scipy.sparse.linalg._dsolve._add_newdocs' from 'D:\\PythonProject\\QuantV1\\.venv\\Lib\\site-packages\\scipy\\sparse\\linalg\\_dsolve\\_add_newdocs.py'>, 'scipy.sparse.linalg._dsolve': <module 'scipy.sparse.linalg._dsolve' from 'D:\\PythonProject\\QuantV1\\.venv\\Lib\\site-packages\\scipy\\sparse\\linalg\\_dsolve\\__init__.py'>, 'scipy.sparse.linalg._eigen.arpack._arpacklib': <module 'scipy.sparse.linalg._eigen.arpack._arpacklib' from 'D:\\PythonProject\\QuantV1\\.venv\\Lib\\site-packages\\scipy\\sparse\\linalg\\_eigen\\arpack\\_arpacklib.cp312-win_amd64.pyd'>, 'scipy.sparse.linalg._eigen.arpack.arpack': <module 'scipy.sparse.linalg._eigen.arpack.arpack' from 'D:\\PythonProject\\QuantV1\\.venv\\Lib\\site-packages\\scipy\\sparse\\linalg\\_eigen\\arpack\\arpack.py'>, 'scipy.sparse.linalg._eigen.arpack': <module 'scipy.sparse.linalg._eigen.arpack' from 'D:\\PythonProject\\QuantV1\\.venv\\Lib\\site-packages\\scipy\\sparse\\linalg\\_eigen\\arpack\\__init__.py'>, 'scipy.sparse.linalg._eigen.lobpcg.lobpcg': <module 'scipy.sparse.linalg._eigen.lobpcg.lobpcg' from 'D:\\PythonProject\\QuantV1\\.venv\\Lib\\site-packages\\scipy\\sparse\\linalg\\_eigen\\lobpcg\\lobpcg.py'>, 'scipy.sparse.linalg._eigen.lobpcg': <module 'scipy.sparse.linalg._eigen.lobpcg' from 'D:\\PythonProject\\QuantV1\\.venv\\Lib\\site-packages\\scipy\\sparse\\linalg\\_eigen\\lobpcg\\__init__.py'>, 'scipy.sparse.linalg._propack': <module 'scipy.sparse.linalg._propack' from 'D:\\PythonProject\\QuantV1\\.venv\\Lib\\site-packages\\scipy\\sparse\\linalg\\_propack.cp312-win_amd64.pyd'>, 'scipy.sparse.linalg._svdp': <module 'scipy.sparse.linalg._svdp' from 'D:\\PythonProject\\QuantV1\\.venv\\Lib\\site-packages\\scipy\\sparse\\linalg\\_svdp.py'>, 'scipy.sparse.linalg._eigen._svds': <module 'scipy.sparse.linalg._eigen._svds' from 'D:\\PythonProject\\QuantV1\\.venv\\Lib\\site-packages\\scipy\\sparse\\linalg\\_eigen\\_svds.py'>, 'scipy.sparse.linalg._eigen': <module 'scipy.sparse.linalg._eigen' from 'D:\\PythonProject\\QuantV1\\.venv\\Lib\\site-packages\\scipy\\sparse\\linalg\\_eigen\\__init__.py'>, 'scipy.sparse.linalg._onenormest': <module 'scipy.sparse.linalg._onenormest' from 'D:\\PythonProject\\QuantV1\\.venv\\Lib\\site-packages\\scipy\\sparse\\linalg\\_onenormest.py'>, 'scipy.sparse.linalg._expm_multiply': <module 'scipy.sparse.linalg._expm_multiply' from 'D:\\PythonProject\\QuantV1\\.venv\\Lib\\site-packages\\scipy\\sparse\\linalg\\_expm_multiply.py'>, 'scipy.sparse.linalg._matfuncs': <module 'scipy.sparse.linalg._matfuncs' from 'D:\\PythonProject\\QuantV1\\.venv\\Lib\\site-packages\\scipy\\sparse\\linalg\\_matfuncs.py'>, 'scipy.sparse.linalg._norm': <module 'scipy.sparse.linalg._norm' from 'D:\\PythonProject\\QuantV1\\.venv\\Lib\\site-packages\\scipy\\sparse\\linalg\\_norm.py'>, 'scipy.sparse.linalg._funm_multiply_krylov': <module 'scipy.sparse.linalg._funm_multiply_krylov' from 'D:\\PythonProject\\QuantV1\\.venv\\Lib\\site-packages\\scipy\\sparse\\linalg\\_funm_multiply_krylov.py'>, 'scipy.sparse.linalg._special_sparse_arrays': <module 'scipy.sparse.linalg._special_sparse_arrays' from 'D:\\PythonProject\\QuantV1\\.venv\\Lib\\site-packages\\scipy\\sparse\\linalg\\_special_sparse_arrays.py'>, 'scipy.sparse.linalg.isolve': <module 'scipy.sparse.linalg.isolve' from 'D:\\PythonProject\\QuantV1\\.venv\\Lib\\site-packages\\scipy\\sparse\\linalg\\isolve.py'>, 'scipy.sparse.linalg.dsolve': <module 'scipy.sparse.linalg.dsolve' from 'D:\\PythonProject\\QuantV1\\.venv\\Lib\\site-packages\\scipy\\sparse\\linalg\\dsolve.py'>, 'scipy.sparse.linalg.interface': <module 'scipy.sparse.linalg.interface' from 'D:\\PythonProject\\QuantV1\\.venv\\Lib\\site-packages\\scipy\\sparse\\linalg\\interface.py'>, 'scipy.sparse.linalg.eigen': <module 'scipy.sparse.linalg.eigen' from 'D:\\PythonProject\\QuantV1\\.venv\\Lib\\site-packages\\scipy\\sparse\\linalg\\eigen.py'>, 'scipy.sparse.linalg.matfuncs': <module 'scipy.sparse.linalg.matfuncs' from 'D:\\PythonProject\\QuantV1\\.venv\\Lib\\site-packages\\scipy\\sparse\\linalg\\matfuncs.py'>, 'scipy.sparse.linalg': <module 'scipy.sparse.linalg' from 'D:\\PythonProject\\QuantV1\\.venv\\Lib\\site-packages\\scipy\\sparse\\linalg\\__init__.py'>, 'scipy.stats._warnings_errors': <module 'scipy.stats._warnings_errors' from 'D:\\PythonProject\\QuantV1\\.venv\\Lib\\site-packages\\scipy\\stats\\_warnings_errors.py'>, 'scipy.spatial._ckdtree': <module 'scipy.spatial._ckdtree' from 'D:\\PythonProject\\QuantV1\\.venv\\Lib\\site-packages\\scipy\\spatial\\_ckdtree.cp312-win_amd64.pyd'>, 'scipy.spatial._hausdorff': <module 'scipy.spatial._hausdorff' from 'D:\\PythonProject\\QuantV1\\.venv\\Lib\\site-packages\\scipy\\spatial\\_hausdorff.cp312-win_amd64.pyd'>, 'scipy.spatial._distance_pybind': <module 'scipy.spatial._distance_pybind' from 'D:\\PythonProject\\QuantV1\\.venv\\Lib\\site-packages\\scipy\\spatial\\_distance_pybind.cp312-win_amd64.pyd'>, 'scipy.spatial._distance_wrap': <module 'scipy.spatial._distance_wrap' from 'D:\\PythonProject\\QuantV1\\.venv\\Lib\\site-packages\\scipy\\spatial\\_distance_wrap.cp312-win_amd64.pyd'>, 'scipy.spatial.distance': <module 'scipy.spatial.distance' from 'D:\\PythonProject\\QuantV1\\.venv\\Lib\\site-packages\\scipy\\spatial\\distance.py'>, 'scipy.spatial._kdtree': <module 'scipy.spatial._kdtree' from 'D:\\PythonProject\\QuantV1\\.venv\\Lib\\site-packages\\scipy\\spatial\\_kdtree.py'>, 'scipy._lib.messagestream': <module 'scipy._lib.messagestream' from 'D:\\PythonProject\\QuantV1\\.venv\\Lib\\site-packages\\scipy\\_lib\\messagestream.cp312-win_amd64.pyd'>, 'scipy.spatial._qhull': <module 'scipy.spatial._qhull' from 'D:\\PythonProject\\QuantV1\\.venv\\Lib\\site-packages\\scipy\\spatial\\_qhull.cp312-win_amd64.pyd'>, 'scipy.spatial._voronoi': <module 'scipy.spatial._voronoi' from 'D:\\PythonProject\\QuantV1\\.venv\\Lib\\site-packages\\scipy\\spatial\\_voronoi.cp312-win_amd64.pyd'>, 'scipy.spatial._spherical_voronoi': <module 'scipy.spatial._spherical_voronoi' from 'D:\\PythonProject\\QuantV1\\.venv\\Lib\\site-packages\\scipy\\spatial\\_spherical_voronoi.py'>, 'scipy.spatial._plotutils': <module 'scipy.spatial._plotutils' from 'D:\\PythonProject\\QuantV1\\.venv\\Lib\\site-packages\\scipy\\spatial\\_plotutils.py'>, 'scipy.spatial._procrustes': <module 'scipy.spatial._procrustes' from 'D:\\PythonProject\\QuantV1\\.venv\\Lib\\site-packages\\scipy\\spatial\\_procrustes.py'>, 'scipy.spatial._geometric_slerp': <module 'scipy.spatial._geometric_slerp' from 'D:\\PythonProject\\QuantV1\\.venv\\Lib\\site-packages\\scipy\\spatial\\_geometric_slerp.py'>, 'scipy.spatial.ckdtree': <module 'scipy.spatial.ckdtree' from 'D:\\PythonProject\\QuantV1\\.venv\\Lib\\site-packages\\scipy\\spatial\\ckdtree.py'>, 'scipy.spatial.kdtree': <module 'scipy.spatial.kdtree' from 'D:\\PythonProject\\QuantV1\\.venv\\Lib\\site-packages\\scipy\\spatial\\kdtree.py'>, 'scipy.spatial.qhull': <module 'scipy.spatial.qhull' from 'D:\\PythonProject\\QuantV1\\.venv\\Lib\\site-packages\\scipy\\spatial\\qhull.py'>, 'scipy.spatial.transform._rotation_cy': <module 'scipy.spatial.transform._rotation_cy' from 'D:\\PythonProject\\QuantV1\\.venv\\Lib\\site-packages\\scipy\\spatial\\transform\\_rotation_cy.cp312-win_amd64.pyd'>, 'scipy.spatial.transform._rotation_xp': <module 'scipy.spatial.transform._rotation_xp' from 'D:\\PythonProject\\QuantV1\\.venv\\Lib\\site-packages\\scipy\\spatial\\transform\\_rotation_xp.py'>, 'scipy.constants._codata': <module 'scipy.constants._codata' from 'D:\\PythonProject\\QuantV1\\.venv\\Lib\\site-packages\\scipy\\constants\\_codata.py'>, 'scipy.constants._constants': <module 'scipy.constants._constants' from 'D:\\PythonProject\\QuantV1\\.venv\\Lib\\site-packages\\scipy\\constants\\_constants.py'>, 'scipy.constants.codata': <module 'scipy.constants.codata' from 'D:\\PythonProject\\QuantV1\\.venv\\Lib\\site-packages\\scipy\\constants\\codata.py'>, 'scipy.constants.constants': <module 'scipy.constants.constants' from 'D:\\PythonProject\\QuantV1\\.venv\\Lib\\site-packages\\scipy\\constants\\constants.py'>, 'scipy.constants': <module 'scipy.constants' from 'D:\\PythonProject\\QuantV1\\.venv\\Lib\\site-packages\\scipy\\constants\\__init__.py'>, 'scipy.spatial.transform._rotation_groups': <module 'scipy.spatial.transform._rotation_groups' from 'D:\\PythonProject\\QuantV1\\.venv\\Lib\\site-packages\\scipy\\spatial\\transform\\_rotation_groups.py'>, 'scipy.spatial.transform._rotation': <module 'scipy.spatial.transform._rotation' from 'D:\\PythonProject\\QuantV1\\.venv\\Lib\\site-packages\\scipy\\spatial\\transform\\_rotation.py'>, 'scipy.spatial.transform._rigid_transform_cy': <module 'scipy.spatial.transform._rigid_transform_cy' from 'D:\\PythonProject\\QuantV1\\.venv\\Lib\\site-packages\\scipy\\spatial\\transform\\_rigid_transform_cy.cp312-win_amd64.pyd'>, 'scipy.spatial.transform._rigid_transform_xp': <module 'scipy.spatial.transform._rigid_transform_xp' from 'D:\\PythonProject\\QuantV1\\.venv\\Lib\\site-packages\\scipy\\spatial\\transform\\_rigid_transform_xp.py'>, 'scipy.spatial.transform._rigid_transform': <module 'scipy.spatial.transform._rigid_transform' from 'D:\\PythonProject\\QuantV1\\.venv\\Lib\\site-packages\\scipy\\spatial\\transform\\_rigid_transform.py'>, 'scipy.spatial.transform._rotation_spline': <module 'scipy.spatial.transform._rotation_spline' from 'D:\\PythonProject\\QuantV1\\.venv\\Lib\\site-packages\\scipy\\spatial\\transform\\_rotation_spline.py'>, 'scipy.spatial.transform.rotation': <module 'scipy.spatial.transform.rotation' from 'D:\\PythonProject\\QuantV1\\.venv\\Lib\\site-packages\\scipy\\spatial\\transform\\rotation.py'>, 'scipy.spatial.transform': <module 'scipy.spatial.transform' from 'D:\\PythonProject\\QuantV1\\.venv\\Lib\\site-packages\\scipy\\spatial\\transform\\__init__.py'>, 'scipy.spatial': <module 'scipy.spatial' from 'D:\\PythonProject\\QuantV1\\.venv\\Lib\\site-packages\\scipy\\spatial\\__init__.py'>, 'scipy.optimize._dcsrch': <module 'scipy.optimize._dcsrch' from 'D:\\PythonProject\\QuantV1\\.venv\\Lib\\site-packages\\scipy\\optimize\\_dcsrch.py'>, 'scipy.optimize._linesearch': <module 'scipy.optimize._linesearch' from 'D:\\PythonProject\\QuantV1\\.venv\\Lib\\site-packages\\scipy\\optimize\\_linesearch.py'>, 'scipy.optimize._group_columns': <module 'scipy.optimize._group_columns' from 'D:\\PythonProject\\QuantV1\\.venv\\Lib\\site-packages\\scipy\\optimize\\_group_columns.cp312-win_amd64.pyd'>, 'scipy.optimize._numdiff': <module 'scipy.optimize._numdiff' from 'D:\\PythonProject\\QuantV1\\.venv\\Lib\\site-packages\\scipy\\optimize\\_numdiff.py'>, 'scipy.optimize._hessian_update_strategy': <module 'scipy.optimize._hessian_update_strategy' from 'D:\\PythonProject\\QuantV1\\.venv\\Lib\\site-packages\\scipy\\optimize\\_hessian_update_strategy.py'>, 'scipy.optimize._differentiable_functions': <module 'scipy.optimize._differentiable_functions' from 'D:\\PythonProject\\QuantV1\\.venv\\Lib\\site-packages\\scipy\\optimize\\_differentiable_functions.py'>, 'scipy.optimize._optimize': <module 'scipy.optimize._optimize' from 'D:\\PythonProject\\QuantV1\\.venv\\Lib\\site-packages\\scipy\\optimize\\_optimize.py'>, 'scipy.optimize._trustregion': <module 'scipy.optimize._trustregion' from 'D:\\PythonProject\\QuantV1\\.venv\\Lib\\site-packages\\scipy\\optimize\\_trustregion.py'>, 'scipy.optimize._trustregion_dogleg': <module 'scipy.optimize._trustregion_dogleg' from 'D:\\PythonProject\\QuantV1\\.venv\\Lib\\site-packages\\scipy\\optimize\\_trustregion_dogleg.py'>, 'scipy.optimize._trustregion_ncg': <module 'scipy.optimize._trustregion_ncg' from 'D:\\PythonProject\\QuantV1\\.venv\\Lib\\site-packages\\scipy\\optimize\\_trustregion_ncg.py'>, 'scipy.optimize._trlib._trlib': <module 'scipy.optimize._trlib._trlib' from 'D:\\PythonProject\\QuantV1\\.venv\\Lib\\site-packages\\scipy\\optimize\\_trlib\\_trlib.cp312-win_amd64.pyd'>, 'scipy.optimize._trlib': <module 'scipy.optimize._trlib' from 'D:\\PythonProject\\QuantV1\\.venv\\Lib\\site-packages\\scipy\\optimize\\_trlib\\__init__.py'>, 'scipy.optimize._trustregion_krylov': <module 'scipy.optimize._trustregion_krylov' from 'D:\\PythonProject\\QuantV1\\.venv\\Lib\\site-packages\\scipy\\optimize\\_trustregion_krylov.py'>, 'scipy.optimize._trustregion_exact': <module 'scipy.optimize._trustregion_exact' from 'D:\\PythonProject\\QuantV1\\.venv\\Lib\\site-packages\\scipy\\optimize\\_trustregion_exact.py'>, 'scipy.optimize._constraints': <module 'scipy.optimize._constraints' from 'D:\\PythonProject\\QuantV1\\.venv\\Lib\\site-packages\\scipy\\optimize\\_constraints.py'>, 'scipy.optimize._trustregion_constr.projections': <module 'scipy.optimize._trustregion_constr.projections' from 'D:\\PythonProject\\QuantV1\\.venv\\Lib\\site-packages\\scipy\\optimize\\_trustregion_constr\\projections.py'>, 'scipy.optimize._trustregion_constr.qp_subproblem': <module 'scipy.optimize._trustregion_constr.qp_subproblem' from 'D:\\PythonProject\\QuantV1\\.venv\\Lib\\site-packages\\scipy\\optimize\\_trustregion_constr\\qp_subproblem.py'>, 'scipy.optimize._trustregion_constr.equality_constrained_sqp': <module 'scipy.optimize._trustregion_constr.equality_constrained_sqp' from 'D:\\PythonProject\\QuantV1\\.venv\\Lib\\site-packages\\scipy\\optimize\\_trustregion_constr\\equality_constrained_sqp.py'>, 'scipy.optimize._trustregion_constr.canonical_constraint': <module 'scipy.optimize._trustregion_constr.canonical_constraint' from 'D:\\PythonProject\\QuantV1\\.venv\\Lib\\site-packages\\scipy\\optimize\\_trustregion_constr\\canonical_constraint.py'>, 'scipy.optimize._trustregion_constr.tr_interior_point': <module 'scipy.optimize._trustregion_constr.tr_interior_point' from 'D:\\PythonProject\\QuantV1\\.venv\\Lib\\site-packages\\scipy\\optimize\\_trustregion_constr\\tr_interior_point.py'>, 'scipy.optimize._trustregion_constr.report': <module 'scipy.optimize._trustregion_constr.report' from 'D:\\PythonProject\\QuantV1\\.venv\\Lib\\site-packages\\scipy\\optimize\\_trustregion_constr\\report.py'>, 'scipy.optimize._trustregion_constr.minimize_trustregion_constr': <module 'scipy.optimize._trustregion_constr.minimize_trustregion_constr' from 'D:\\PythonProject\\QuantV1\\.venv\\Lib\\site-packages\\scipy\\optimize\\_trustregion_constr\\minimize_trustregion_constr.py'>, 'scipy.optimize._trustregion_constr': <module 'scipy.optimize._trustregion_constr' from 'D:\\PythonProject\\QuantV1\\.venv\\Lib\\site-packages\\scipy\\optimize\\_trustregion_constr\\__init__.py'>, 'scipy.optimize._lbfgsb': <module 'scipy.optimize._lbfgsb' from 'D:\\PythonProject\\QuantV1\\.venv\\Lib\\site-packages\\scipy\\optimize\\_lbfgsb.cp312-win_amd64.pyd'>, 'scipy.optimize._lbfgsb_py': <module 'scipy.optimize._lbfgsb_py' from 'D:\\PythonProject\\QuantV1\\.venv\\Lib\\site-packages\\scipy\\optimize\\_lbfgsb_py.py'>, '_moduleTNC': <module 'scipy.optimize._moduleTNC' from 'D:\\PythonProject\\QuantV1\\.venv\\Lib\\site-packages\\scipy\\optimize\\_moduleTNC.cp312-win_amd64.pyd'>, 'scipy.optimize._moduleTNC': <module 'scipy.optimize._moduleTNC' from 'D:\\PythonProject\\QuantV1\\.venv\\Lib\\site-packages\\scipy\\optimize\\_moduleTNC.cp312-win_amd64.pyd'>, 'scipy.optimize._tnc': <module 'scipy.optimize._tnc' from 'D:\\PythonProject\\QuantV1\\.venv\\Lib\\site-packages\\scipy\\optimize\\_tnc.py'>, 'scipy.optimize._cobyla_py': <module 'scipy.optimize._cobyla_py' from 'D:\\PythonProject\\QuantV1\\.venv\\Lib\\site-packages\\scipy\\optimize\\_cobyla_py.py'>, 'scipy.optimize._cobyqa_py': <module 'scipy.optimize._cobyqa_py' from 'D:\\PythonProject\\QuantV1\\.venv\\Lib\\site-packages\\scipy\\optimize\\_cobyqa_py.py'>, 'scipy.optimize._slsqplib': <module 'scipy.optimize._slsqplib' from 'D:\\PythonProject\\QuantV1\\.venv\\Lib\\site-packages\\scipy\\optimize\\_slsqplib.cp312-win_amd64.pyd'>, 'scipy.optimize._slsqp_py': <module 'scipy.optimize._slsqp_py' from 'D:\\PythonProject\\QuantV1\\.venv\\Lib\\site-packages\\scipy\\optimize\\_slsqp_py.py'>, 'scipy.optimize._minimize': <module 'scipy.optimize._minimize' from 'D:\\PythonProject\\QuantV1\\.venv\\Lib\\site-packages\\scipy\\optimize\\_minimize.py'>, 'scipy.optimize._minpack': <module 'scipy.optimize._minpack' from 'D:\\PythonProject\\QuantV1\\.venv\\Lib\\site-packages\\scipy\\optimize\\_minpack.cp312-win_amd64.pyd'>, 'scipy.optimize._lsq.common': <module 'scipy.optimize._lsq.common' from 'D:\\PythonProject\\QuantV1\\.venv\\Lib\\site-packages\\scipy\\optimize\\_lsq\\common.py'>, 'scipy.optimize._lsq.trf': <module 'scipy.optimize._lsq.trf' from 'D:\\PythonProject\\QuantV1\\.venv\\Lib\\site-packages\\scipy\\optimize\\_lsq\\trf.py'>, 'scipy.optimize._lsq.dogbox': <module 'scipy.optimize._lsq.dogbox' from 'D:\\PythonProject\\QuantV1\\.venv\\Lib\\site-packages\\scipy\\optimize\\_lsq\\dogbox.py'>, 'scipy.optimize._lsq.least_squares': <module 'scipy.optimize._lsq.least_squares' from 'D:\\PythonProject\\QuantV1\\.venv\\Lib\\site-packages\\scipy\\optimize\\_lsq\\least_squares.py'>, 'scipy.optimize._lsq.givens_elimination': <module 'scipy.optimize._lsq.givens_elimination' from 'D:\\PythonProject\\QuantV1\\.venv\\Lib\\site-packages\\scipy\\optimize\\_lsq\\givens_elimination.cp312-win_amd64.pyd'>, 'scipy.optimize._lsq.trf_linear': <module 'scipy.optimize._lsq.trf_linear' from 'D:\\PythonProject\\QuantV1\\.venv\\Lib\\site-packages\\scipy\\optimize\\_lsq\\trf_linear.py'>, 'scipy.optimize._lsq.bvls': <module 'scipy.optimize._lsq.bvls' from 'D:\\PythonProject\\QuantV1\\.venv\\Lib\\site-packages\\scipy\\optimize\\_lsq\\bvls.py'>, 'scipy.optimize._lsq.lsq_linear': <module 'scipy.optimize._lsq.lsq_linear' from 'D:\\PythonProject\\QuantV1\\.venv\\Lib\\site-packages\\scipy\\optimize\\_lsq\\lsq_linear.py'>, 'scipy.optimize._lsq': <module 'scipy.optimize._lsq' from 'D:\\PythonProject\\QuantV1\\.venv\\Lib\\site-packages\\scipy\\optimize\\_lsq\\__init__.py'>, 'scipy.optimize._minpack_py': <module 'scipy.optimize._minpack_py' from 'D:\\PythonProject\\QuantV1\\.venv\\Lib\\site-packages\\scipy\\optimize\\_minpack_py.py'>, 'scipy.optimize._spectral': <module 'scipy.optimize._spectral' from 'D:\\PythonProject\\QuantV1\\.venv\\Lib\\site-packages\\scipy\\optimize\\_spectral.py'>, 'scipy.optimize._nonlin': <module 'scipy.optimize._nonlin' from 'D:\\PythonProject\\QuantV1\\.venv\\Lib\\site-packages\\scipy\\optimize\\_nonlin.py'>, 'scipy.optimize._root': <module 'scipy.optimize._root' from 'D:\\PythonProject\\QuantV1\\.venv\\Lib\\site-packages\\scipy\\optimize\\_root.py'>, 'scipy.optimize._zeros': <module 'scipy.optimize._zeros' from 'D:\\PythonProject\\QuantV1\\.venv\\Lib\\site-packages\\scipy\\optimize\\_zeros.cp312-win_amd64.pyd'>, 'scipy.optimize._zeros_py': <module 'scipy.optimize._zeros_py' from 'D:\\PythonProject\\QuantV1\\.venv\\Lib\\site-packages\\scipy\\optimize\\_zeros_py.py'>, 'scipy.optimize._root_scalar': <module 'scipy.optimize._root_scalar' from 'D:\\PythonProject\\QuantV1\\.venv\\Lib\\site-packages\\scipy\\optimize\\_root_scalar.py'>, 'scipy.optimize._nnls': <module 'scipy.optimize._nnls' from 'D:\\PythonProject\\QuantV1\\.venv\\Lib\\site-packages\\scipy\\optimize\\_nnls.py'>, 'scipy.optimize._basinhopping': <module 'scipy.optimize._basinhopping' from 'D:\\PythonProject\\QuantV1\\.venv\\Lib\\site-packages\\scipy\\optimize\\_basinhopping.py'>, 'scipy.optimize._highspy': <module 'scipy.optimize._highspy' from 'D:\\PythonProject\\QuantV1\\.venv\\Lib\\site-packages\\scipy\\optimize\\_highspy\\__init__.py'>, 'scipy.optimize._highspy._core.simplex_constants': <module 'scipy.optimize._highspy._core.simplex_constants' from 'D:\\PythonProject\\QuantV1\\.venv\\Lib\\site-packages\\scipy\\optimize\\_highspy\\_core.cp312-win_amd64.pyd'>, 'scipy.optimize._highspy._core.cb': <module 'scipy.optimize._highspy._core.cb' from 'D:\\PythonProject\\QuantV1\\.venv\\Lib\\site-packages\\scipy\\optimize\\_highspy\\_core.cp312-win_amd64.pyd'>, 'scipy.optimize._highspy._core': <module 'scipy.optimize._highspy._core' from 'D:\\PythonProject\\QuantV1\\.venv\\Lib\\site-packages\\scipy\\optimize\\_highspy\\_core.cp312-win_amd64.pyd'>, 'scipy.optimize._highspy._highs_options': <module 'scipy.optimize._highspy._highs_options' from 'D:\\PythonProject\\QuantV1\\.venv\\Lib\\site-packages\\scipy\\optimize\\_highspy\\_highs_options.cp312-win_amd64.pyd'>, 'scipy.optimize._highspy._highs_wrapper': <module 'scipy.optimize._highspy._highs_wrapper' from 'D:\\PythonProject\\QuantV1\\.venv\\Lib\\site-packages\\scipy\\optimize\\_highspy\\_highs_wrapper.py'>, 'scipy.optimize._linprog_highs': <module 'scipy.optimize._linprog_highs' from 'D:\\PythonProject\\QuantV1\\.venv\\Lib\\site-packages\\scipy\\optimize\\_linprog_highs.py'>, 'scipy._lib._uarray._uarray': <module 'scipy._lib._uarray._uarray' from 'D:\\PythonProject\\QuantV1\\.venv\\Lib\\site-packages\\scipy\\_lib\\_uarray\\_uarray.cp312-win_amd64.pyd'>, 'scipy._lib._uarray._backend': <module 'scipy._lib._uarray._backend' from 'D:\\PythonProject\\QuantV1\\.venv\\Lib\\site-packages\\scipy\\_lib\\_uarray\\_backend.py'>, 'scipy._lib._uarray': <module 'scipy._lib._uarray' from 'D:\\PythonProject\\QuantV1\\.venv\\Lib\\site-packages\\scipy\\_lib\\_uarray\\__init__.py'>, 'scipy._lib.uarray': <module 'scipy._lib.uarray' from 'D:\\PythonProject\\QuantV1\\.venv\\Lib\\site-packages\\scipy\\_lib\\uarray.py'>, 'scipy.fft._basic': <module 'scipy.fft._basic' from 'D:\\PythonProject\\QuantV1\\.venv\\Lib\\site-packages\\scipy\\fft\\_basic.py'>, 'scipy.fft._realtransforms': <module 'scipy.fft._realtransforms' from 'D:\\PythonProject\\QuantV1\\.venv\\Lib\\site-packages\\scipy\\fft\\_realtransforms.py'>, 'scipy.fft._fftlog_backend': <module 'scipy.fft._fftlog_backend' from 'D:\\PythonProject\\QuantV1\\.venv\\Lib\\site-packages\\scipy\\fft\\_fftlog_backend.py'>, 'scipy.fft._fftlog': <module 'scipy.fft._fftlog' from 'D:\\PythonProject\\QuantV1\\.venv\\Lib\\site-packages\\scipy\\fft\\_fftlog.py'>, 'scipy.fft._duccfft.pyduccfft': <module 'scipy.fft._duccfft.pyduccfft' from 'D:\\PythonProject\\QuantV1\\.venv\\Lib\\site-packages\\scipy\\fft\\_duccfft\\pyduccfft.cp312-win_amd64.pyd'>, 'scipy.fft._duccfft.helper': <module 'scipy.fft._duccfft.helper' from 'D:\\PythonProject\\QuantV1\\.venv\\Lib\\site-packages\\scipy\\fft\\_duccfft\\helper.py'>, 'scipy.fft._duccfft.basic': <module 'scipy.fft._duccfft.basic' from 'D:\\PythonProject\\QuantV1\\.venv\\Lib\\site-packages\\scipy\\fft\\_duccfft\\basic.py'>, 'scipy.fft._duccfft.realtransforms': <module 'scipy.fft._duccfft.realtransforms' from 'D:\\PythonProject\\QuantV1\\.venv\\Lib\\site-packages\\scipy\\fft\\_duccfft\\realtransforms.py'>, 'scipy.fft._duccfft': <module 'scipy.fft._duccfft' from 'D:\\PythonProject\\QuantV1\\.venv\\Lib\\site-packages\\scipy\\fft\\_duccfft\\__init__.py'>, 'scipy.fft._helper': <module 'scipy.fft._helper' from 'D:\\PythonProject\\QuantV1\\.venv\\Lib\\site-packages\\scipy\\fft\\_helper.py'>, 'scipy.fft._basic_backend': <module 'scipy.fft._basic_backend' from 'D:\\PythonProject\\QuantV1\\.venv\\Lib\\site-packages\\scipy\\fft\\_basic_backend.py'>, 'scipy.fft._realtransforms_backend': <module 'scipy.fft._realtransforms_backend' from 'D:\\PythonProject\\QuantV1\\.venv\\Lib\\site-packages\\scipy\\fft\\_realtransforms_backend.py'>, 'scipy.fft._backend': <module 'scipy.fft._backend' from 'D:\\PythonProject\\QuantV1\\.venv\\Lib\\site-packages\\scipy\\fft\\_backend.py'>, 'scipy.fft': <module 'scipy.fft' from 'D:\\PythonProject\\QuantV1\\.venv\\Lib\\site-packages\\scipy\\fft\\__init__.py'>, 'scipy.linalg._decomp_interpolative': <module 'scipy.linalg._decomp_interpolative' from 'D:\\PythonProject\\QuantV1\\.venv\\Lib\\site-packages\\scipy\\linalg\\_decomp_interpolative.cp312-win_amd64.pyd'>, 'scipy.linalg.interpolative': <module 'scipy.linalg.interpolative' from 'D:\\PythonProject\\QuantV1\\.venv\\Lib\\site-packages\\scipy\\linalg\\interpolative.py'>, 'scipy.optimize._remove_redundancy': <module 'scipy.optimize._remove_redundancy' from 'D:\\PythonProject\\QuantV1\\.venv\\Lib\\site-packages\\scipy\\optimize\\_remove_redundancy.py'>, 'scipy.optimize._linprog_util': <module 'scipy.optimize._linprog_util' from 'D:\\PythonProject\\QuantV1\\.venv\\Lib\\site-packages\\scipy\\optimize\\_linprog_util.py'>, 'scipy.optimize._linprog_ip': <module 'scipy.optimize._linprog_ip' from 'D:\\PythonProject\\QuantV1\\.venv\\Lib\\site-packages\\scipy\\optimize\\_linprog_ip.py'>, 'scipy.optimize._linprog_simplex': <module 'scipy.optimize._linprog_simplex' from 'D:\\PythonProject\\QuantV1\\.venv\\Lib\\site-packages\\scipy\\optimize\\_linprog_simplex.py'>, 'scipy.optimize._bglu_dense': <module 'scipy.optimize._bglu_dense' from 'D:\\PythonProject\\QuantV1\\.venv\\Lib\\site-packages\\scipy\\optimize\\_bglu_dense.cp312-win_amd64.pyd'>, 'scipy.optimize._linprog_rs': <module 'scipy.optimize._linprog_rs' from 'D:\\PythonProject\\QuantV1\\.venv\\Lib\\site-packages\\scipy\\optimize\\_linprog_rs.py'>, 'scipy.optimize._linprog_doc': <module 'scipy.optimize._linprog_doc' from 'D:\\PythonProject\\QuantV1\\.venv\\Lib\\site-packages\\scipy\\optimize\\_linprog_doc.py'>, 'scipy.optimize._linprog': <module 'scipy.optimize._linprog' from 'D:\\PythonProject\\QuantV1\\.venv\\Lib\\site-packages\\scipy\\optimize\\_linprog.py'>, 'scipy.optimize._lsap': <module 'scipy.optimize._lsap' from 'D:\\PythonProject\\QuantV1\\.venv\\Lib\\site-packages\\scipy\\optimize\\_lsap.cp312-win_amd64.pyd'>, 'scipy.optimize._differentialevolution': <module 'scipy.optimize._differentialevolution' from 'D:\\PythonProject\\QuantV1\\.venv\\Lib\\site-packages\\scipy\\optimize\\_differentialevolution.py'>, 'scipy.optimize._pava_pybind': <module 'scipy.optimize._pava_pybind' from 'D:\\PythonProject\\QuantV1\\.venv\\Lib\\site-packages\\scipy\\optimize\\_pava_pybind.cp312-win_amd64.pyd'>, 'scipy.optimize._isotonic': <module 'scipy.optimize._isotonic' from 'D:\\PythonProject\\QuantV1\\.venv\\Lib\\site-packages\\scipy\\optimize\\_isotonic.py'>, 'scipy.optimize._shgo_lib': <module 'scipy.optimize._shgo_lib' from 'D:\\PythonProject\\QuantV1\\.venv\\Lib\\site-packages\\scipy\\optimize\\_shgo_lib\\__init__.py'>, 'scipy.optimize._shgo_lib._vertex': <module 'scipy.optimize._shgo_lib._vertex' from 'D:\\PythonProject\\QuantV1\\.venv\\Lib\\site-packages\\scipy\\optimize\\_shgo_lib\\_vertex.py'>, 'scipy.optimize._shgo_lib._complex': <module 'scipy.optimize._shgo_lib._complex' from 'D:\\PythonProject\\QuantV1\\.venv\\Lib\\site-packages\\scipy\\optimize\\_shgo_lib\\_complex.py'>, 'scipy.optimize._shgo': <module 'scipy.optimize._shgo' from 'D:\\PythonProject\\QuantV1\\.venv\\Lib\\site-packages\\scipy\\optimize\\_shgo.py'>, 'scipy.optimize._dual_annealing': <module 'scipy.optimize._dual_annealing' from 'D:\\PythonProject\\QuantV1\\.venv\\Lib\\site-packages\\scipy\\optimize\\_dual_annealing.py'>, 'scipy.optimize._qap': <module 'scipy.optimize._qap' from 'D:\\PythonProject\\QuantV1\\.venv\\Lib\\site-packages\\scipy\\optimize\\_qap.py'>, 'scipy.optimize._direct': <module 'scipy.optimize._direct' from 'D:\\PythonProject\\QuantV1\\.venv\\Lib\\site-packages\\scipy\\optimize\\_direct.cp312-win_amd64.pyd'>, 'scipy.optimize._direct_py': <module 'scipy.optimize._direct_py' from 'D:\\PythonProject\\QuantV1\\.venv\\Lib\\site-packages\\scipy\\optimize\\_direct_py.py'>, 'scipy.optimize._milp': <module 'scipy.optimize._milp' from 'D:\\PythonProject\\QuantV1\\.venv\\Lib\\site-packages\\scipy\\optimize\\_milp.py'>, 'scipy.optimize.cobyla': <module 'scipy.optimize.cobyla' from 'D:\\PythonProject\\QuantV1\\.venv\\Lib\\site-packages\\scipy\\optimize\\cobyla.py'>, 'scipy.optimize.lbfgsb': <module 'scipy.optimize.lbfgsb' from 'D:\\PythonProject\\QuantV1\\.venv\\Lib\\site-packages\\scipy\\optimize\\lbfgsb.py'>, 'scipy.optimize.linesearch': <module 'scipy.optimize.linesearch' from 'D:\\PythonProject\\QuantV1\\.venv\\Lib\\site-packages\\scipy\\optimize\\linesearch.py'>, 'scipy.optimize.minpack': <module 'scipy.optimize.minpack' from 'D:\\PythonProject\\QuantV1\\.venv\\Lib\\site-packages\\scipy\\optimize\\minpack.py'>, 'scipy.optimize.minpack2': <module 'scipy.optimize.minpack2' from 'D:\\PythonProject\\QuantV1\\.venv\\Lib\\site-packages\\scipy\\optimize\\minpack2.py'>, 'scipy.optimize.moduleTNC': <module 'scipy.optimize.moduleTNC' from 'D:\\PythonProject\\QuantV1\\.venv\\Lib\\site-packages\\scipy\\optimize\\moduleTNC.py'>, 'scipy.optimize.nonlin': <module 'scipy.optimize.nonlin' from 'D:\\PythonProject\\QuantV1\\.venv\\Lib\\site-packages\\scipy\\optimize\\nonlin.py'>, 'scipy.optimize.optimize': <module 'scipy.optimize.optimize' from 'D:\\PythonProject\\QuantV1\\.venv\\Lib\\site-packages\\scipy\\optimize\\optimize.py'>, 'scipy.optimize.slsqp': <module 'scipy.optimize.slsqp' from 'D:\\PythonProject\\QuantV1\\.venv\\Lib\\site-packages\\scipy\\optimize\\slsqp.py'>, 'scipy.optimize.tnc': <module 'scipy.optimize.tnc' from 'D:\\PythonProject\\QuantV1\\.venv\\Lib\\site-packages\\scipy\\optimize\\tnc.py'>, 'scipy.optimize.zeros': <module 'scipy.optimize.zeros' from 'D:\\PythonProject\\QuantV1\\.venv\\Lib\\site-packages\\scipy\\optimize\\zeros.py'>, 'scipy.optimize': <module 'scipy.optimize' from 'D:\\PythonProject\\QuantV1\\.venv\\Lib\\site-packages\\scipy\\optimize\\__init__.py'>, 'scipy._lib._elementwise_iterative_method': <module 'scipy._lib._elementwise_iterative_method' from 'D:\\PythonProject\\QuantV1\\.venv\\Lib\\site-packages\\scipy\\_lib\\_elementwise_iterative_method.py'>, 'scipy.optimize._bracket': <module 'scipy.optimize._bracket' from 'D:\\PythonProject\\QuantV1\\.venv\\Lib\\site-packages\\scipy\\optimize\\_bracket.py'>, 'scipy.optimize._chandrupatla': <module 'scipy.optimize._chandrupatla' from 'D:\\PythonProject\\QuantV1\\.venv\\Lib\\site-packages\\scipy\\optimize\\_chandrupatla.py'>, 'scipy.optimize._elementwise': <module 'scipy.optimize._elementwise' from 'D:\\PythonProject\\QuantV1\\.venv\\Lib\\site-packages\\scipy\\optimize\\_elementwise.py'>, 'scipy.optimize.elementwise': <module 'scipy.optimize.elementwise' from 'D:\\PythonProject\\QuantV1\\.venv\\Lib\\site-packages\\scipy\\optimize\\elementwise.py'>, 'scipy._lib.doccer': <module 'scipy._lib.doccer' from 'D:\\PythonProject\\QuantV1\\.venv\\Lib\\site-packages\\scipy\\_lib\\doccer.py'>, 'scipy.stats._distr_params': <module 'scipy.stats._distr_params' from 'D:\\PythonProject\\QuantV1\\.venv\\Lib\\site-packages\\scipy\\stats\\_distr_params.py'>, 'scipy.integrate._quadrature': <module 'scipy.integrate._quadrature' from 'D:\\PythonProject\\QuantV1\\.venv\\Lib\\site-packages\\scipy\\integrate\\_quadrature.py'>, 'scipy.integrate._odepack': <module 'scipy.integrate._odepack' from 'D:\\PythonProject\\QuantV1\\.venv\\Lib\\site-packages\\scipy\\integrate\\_odepack.cp312-win_amd64.pyd'>, 'scipy.integrate._odepack_py': <module 'scipy.integrate._odepack_py' from 'D:\\PythonProject\\QuantV1\\.venv\\Lib\\site-packages\\scipy\\integrate\\_odepack_py.py'>, 'scipy.integrate._quadpack': <module 'scipy.integrate._quadpack' from 'D:\\PythonProject\\QuantV1\\.venv\\Lib\\site-packages\\scipy\\integrate\\_quadpack.cp312-win_amd64.pyd'>, 'scipy.integrate._quadpack_py': <module 'scipy.integrate._quadpack_py' from 'D:\\PythonProject\\QuantV1\\.venv\\Lib\\site-packages\\scipy\\integrate\\_quadpack_py.py'>, 'scipy.integrate._vode': <module 'scipy.integrate._vode' from 'D:\\PythonProject\\QuantV1\\.venv\\Lib\\site-packages\\scipy\\integrate\\_vode.cp312-win_amd64.pyd'>, 'scipy.integrate._dop': <module 'scipy.integrate._dop' from 'D:\\PythonProject\\QuantV1\\.venv\\Lib\\site-packages\\scipy\\integrate\\_dop.cp312-win_amd64.pyd'>, 'scipy.integrate._ode': <module 'scipy.integrate._ode' from 'D:\\PythonProject\\QuantV1\\.venv\\Lib\\site-packages\\scipy\\integrate\\_ode.py'>, 'scipy.integrate._bvp': <module 'scipy.integrate._bvp' from 'D:\\PythonProject\\QuantV1\\.venv\\Lib\\site-packages\\scipy\\integrate\\_bvp.py'>, 'scipy.integrate._ivp.common': <module 'scipy.integrate._ivp.common' from 'D:\\PythonProject\\QuantV1\\.venv\\Lib\\site-packages\\scipy\\integrate\\_ivp\\common.py'>, 'scipy.integrate._ivp.base': <module 'scipy.integrate._ivp.base' from 'D:\\PythonProject\\QuantV1\\.venv\\Lib\\site-packages\\scipy\\integrate\\_ivp\\base.py'>, 'scipy.integrate._ivp.bdf': <module 'scipy.integrate._ivp.bdf' from 'D:\\PythonProject\\QuantV1\\.venv\\Lib\\site-packages\\scipy\\integrate\\_ivp\\bdf.py'>, 'scipy.integrate._ivp.radau': <module 'scipy.integrate._ivp.radau' from 'D:\\PythonProject\\QuantV1\\.venv\\Lib\\site-packages\\scipy\\integrate\\_ivp\\radau.py'>, 'scipy.integrate._ivp.dop853_coefficients': <module 'scipy.integrate._ivp.dop853_coefficients' from 'D:\\PythonProject\\QuantV1\\.venv\\Lib\\site-packages\\scipy\\integrate\\_ivp\\dop853_coefficients.py'>, 'scipy.integrate._ivp.rk': <module 'scipy.integrate._ivp.rk' from 'D:\\PythonProject\\QuantV1\\.venv\\Lib\\site-packages\\scipy\\integrate\\_ivp\\rk.py'>, 'scipy.integrate._ivp.lsoda': <module 'scipy.integrate._ivp.lsoda' from 'D:\\PythonProject\\QuantV1\\.venv\\Lib\\site-packages\\scipy\\integrate\\_ivp\\lsoda.py'>, 'scipy.integrate._ivp.ivp': <module 'scipy.integrate._ivp.ivp' from 'D:\\PythonProject\\QuantV1\\.venv\\Lib\\site-packages\\scipy\\integrate\\_ivp\\ivp.py'>, 'scipy.integrate._ivp': <module 'scipy.integrate._ivp' from 'D:\\PythonProject\\QuantV1\\.venv\\Lib\\site-packages\\scipy\\integrate\\_ivp\\__init__.py'>, 'scipy.integrate._quad_vec': <module 'scipy.integrate._quad_vec' from 'D:\\PythonProject\\QuantV1\\.venv\\Lib\\site-packages\\scipy\\integrate\\_quad_vec.py'>, 'scipy.integrate._tanhsinh': <module 'scipy.integrate._tanhsinh' from 'D:\\PythonProject\\QuantV1\\.venv\\Lib\\site-packages\\scipy\\integrate\\_tanhsinh.py'>, 'scipy.integrate._rules._base': <module 'scipy.integrate._rules._base' from 'D:\\PythonProject\\QuantV1\\.venv\\Lib\\site-packages\\scipy\\integrate\\_rules\\_base.py'>, 'scipy.integrate._rules._genz_malik': <module 'scipy.integrate._rules._genz_malik' from 'D:\\PythonProject\\QuantV1\\.venv\\Lib\\site-packages\\scipy\\integrate\\_rules\\_genz_malik.py'>, 'scipy.integrate._rules._gauss_legendre': <module 'scipy.integrate._rules._gauss_legendre' from 'D:\\PythonProject\\QuantV1\\.venv\\Lib\\site-packages\\scipy\\integrate\\_rules\\_gauss_legendre.py'>, 'scipy.integrate._rules._gauss_kronrod': <module 'scipy.integrate._rules._gauss_kronrod' from 'D:\\PythonProject\\QuantV1\\.venv\\Lib\\site-packages\\scipy\\integrate\\_rules\\_gauss_kronrod.py'>, 'scipy.integrate._rules': <module 'scipy.integrate._rules' from 'D:\\PythonProject\\QuantV1\\.venv\\Lib\\site-packages\\scipy\\integrate\\_rules\\__init__.py'>, 'scipy.integrate._cubature': <module 'scipy.integrate._cubature' from 'D:\\PythonProject\\QuantV1\\.venv\\Lib\\site-packages\\scipy\\integrate\\_cubature.py'>, 'scipy.integrate._lebedev': <module 'scipy.integrate._lebedev' from 'D:\\PythonProject\\QuantV1\\.venv\\Lib\\site-packages\\scipy\\integrate\\_lebedev.py'>, 'scipy.integrate.dop': <module 'scipy.integrate.dop' from 'D:\\PythonProject\\QuantV1\\.venv\\Lib\\site-packages\\scipy\\integrate\\dop.py'>, 'scipy.integrate.lsoda': <module 'scipy.integrate.lsoda' from 'D:\\PythonProject\\QuantV1\\.venv\\Lib\\site-packages\\scipy\\integrate\\lsoda.py'>, 'scipy.integrate.vode': <module 'scipy.integrate.vode' from 'D:\\PythonProject\\QuantV1\\.venv\\Lib\\site-packages\\scipy\\integrate\\vode.py'>, 'scipy.integrate.odepack': <module 'scipy.integrate.odepack' from 'D:\\PythonProject\\QuantV1\\.venv\\Lib\\site-packages\\scipy\\integrate\\odepack.py'>, 'scipy.integrate.quadpack': <module 'scipy.integrate.quadpack' from 'D:\\PythonProject\\QuantV1\\.venv\\Lib\\site-packages\\scipy\\integrate\\quadpack.py'>, 'scipy.integrate': <module 'scipy.integrate' from 'D:\\PythonProject\\QuantV1\\.venv\\Lib\\site-packages\\scipy\\integrate\\__init__.py'>, 'scipy.stats._finite_differences': <module 'scipy.stats._finite_differences' from 'D:\\PythonProject\\QuantV1\\.venv\\Lib\\site-packages\\scipy\\stats\\_finite_differences.py'>, 'scipy.stats._constants': <module 'scipy.stats._constants' from 'D:\\PythonProject\\QuantV1\\.venv\\Lib\\site-packages\\scipy\\stats\\_constants.py'>, 'scipy.stats._censored_data': <module 'scipy.stats._censored_data' from 'D:\\PythonProject\\QuantV1\\.venv\\Lib\\site-packages\\scipy\\stats\\_censored_data.py'>, 'scipy.stats._distn_infrastructure': <module 'scipy.stats._distn_infrastructure' from 'D:\\PythonProject\\QuantV1\\.venv\\Lib\\site-packages\\scipy\\stats\\_distn_infrastructure.py'>, 'scipy.interpolate._fitpack': <module 'scipy.interpolate._fitpack' from 'D:\\PythonProject\\QuantV1\\.venv\\Lib\\site-packages\\scipy\\interpolate\\_fitpack.cp312-win_amd64.pyd'>, 'scipy.interpolate._fitpack_impl': <module 'scipy.interpolate._fitpack_impl' from 'D:\\PythonProject\\QuantV1\\.venv\\Lib\\site-packages\\scipy\\interpolate\\_fitpack_impl.py'>, 'scipy.interpolate._dierckx': <module 'scipy.interpolate._dierckx' from 'D:\\PythonProject\\QuantV1\\.venv\\Lib\\site-packages\\scipy\\interpolate\\_dierckx.cp312-win_amd64.pyd'>, 'scipy.interpolate._bsplines': <module 'scipy.interpolate._bsplines' from 'D:\\PythonProject\\QuantV1\\.venv\\Lib\\site-packages\\scipy\\interpolate\\_bsplines.py'>, 'scipy.interpolate._fitpack_py': <module 'scipy.interpolate._fitpack_py' from 'D:\\PythonProject\\QuantV1\\.venv\\Lib\\site-packages\\scipy\\interpolate\\_fitpack_py.py'>, 'scipy.interpolate._polyint': <module 'scipy.interpolate._polyint' from 'D:\\PythonProject\\QuantV1\\.venv\\Lib\\site-packages\\scipy\\interpolate\\_polyint.py'>, 'scipy.interpolate._ppoly': <module 'scipy.interpolate._ppoly' from 'D:\\PythonProject\\QuantV1\\.venv\\Lib\\site-packages\\scipy\\interpolate\\_ppoly.cp312-win_amd64.pyd'>, 'scipy.interpolate._interpnd': <module 'scipy.interpolate._interpnd' from 'D:\\PythonProject\\QuantV1\\.venv\\Lib\\site-packages\\scipy\\interpolate\\_interpnd.cp312-win_amd64.pyd'>, 'scipy.interpolate._interpolate': <module 'scipy.interpolate._interpolate' from 'D:\\PythonProject\\QuantV1\\.venv\\Lib\\site-packages\\scipy\\interpolate\\_interpolate.py'>, 'scipy.interpolate._fitpack2': <module 'scipy.interpolate._fitpack2' from 'D:\\PythonProject\\QuantV1\\.venv\\Lib\\site-packages\\scipy\\interpolate\\_fitpack2.py'>, 'scipy.interpolate._rbf': <module 'scipy.interpolate._rbf' from 'D:\\PythonProject\\QuantV1\\.venv\\Lib\\site-packages\\scipy\\interpolate\\_rbf.py'>, 'scipy.interpolate._rbfinterp_common': <module 'scipy.interpolate._rbfinterp_common' from 'D:\\PythonProject\\QuantV1\\.venv\\Lib\\site-packages\\scipy\\interpolate\\_rbfinterp_common.py'>, 'scipy.interpolate._rbfinterp_pythran': <module 'scipy.interpolate._rbfinterp_pythran' from 'D:\\PythonProject\\QuantV1\\.venv\\Lib\\site-packages\\scipy\\interpolate\\_rbfinterp_pythran.cp312-win_amd64.pyd'>, 'scipy.interpolate._rbfinterp_np': <module 'scipy.interpolate._rbfinterp_np' from 'D:\\PythonProject\\QuantV1\\.venv\\Lib\\site-packages\\scipy\\interpolate\\_rbfinterp_np.py'>, 'scipy.interpolate._rbfinterp_xp': <module 'scipy.interpolate._rbfinterp_xp' from 'D:\\PythonProject\\QuantV1\\.venv\\Lib\\site-packages\\scipy\\interpolate\\_rbfinterp_xp.py'>, 'scipy.interpolate._rbfinterp': <module 'scipy.interpolate._rbfinterp' from 'D:\\PythonProject\\QuantV1\\.venv\\Lib\\site-packages\\scipy\\interpolate\\_rbfinterp.py'>, 'scipy.interpolate._cubic': <module 'scipy.interpolate._cubic' from 'D:\\PythonProject\\QuantV1\\.venv\\Lib\\site-packages\\scipy\\interpolate\\_cubic.py'>, 'scipy.interpolate._ndgriddata': <module 'scipy.interpolate._ndgriddata' from 'D:\\PythonProject\\QuantV1\\.venv\\Lib\\site-packages\\scipy\\interpolate\\_ndgriddata.py'>, 'scipy.interpolate._fitpack_repro': <module 'scipy.interpolate._fitpack_repro' from 'D:\\PythonProject\\QuantV1\\.venv\\Lib\\site-packages\\scipy\\interpolate\\_fitpack_repro.py'>, 'scipy.interpolate._pade': <module 'scipy.interpolate._pade' from 'D:\\PythonProject\\QuantV1\\.venv\\Lib\\site-packages\\scipy\\interpolate\\_pade.py'>, 'scipy.interpolate._rgi_cython': <module 'scipy.interpolate._rgi_cython' from 'D:\\PythonProject\\QuantV1\\.venv\\Lib\\site-packages\\scipy\\interpolate\\_rgi_cython.cp312-win_amd64.pyd'>, 'scipy.interpolate._ndbspline': <module 'scipy.interpolate._ndbspline' from 'D:\\PythonProject\\QuantV1\\.venv\\Lib\\site-packages\\scipy\\interpolate\\_ndbspline.py'>, 'scipy.interpolate._rgi': <module 'scipy.interpolate._rgi' from 'D:\\PythonProject\\QuantV1\\.venv\\Lib\\site-packages\\scipy\\interpolate\\_rgi.py'>, 'scipy.interpolate._bary_rational': <module 'scipy.interpolate._bary_rational' from 'D:\\PythonProject\\QuantV1\\.venv\\Lib\\site-packages\\scipy\\interpolate\\_bary_rational.py'>, 'scipy.interpolate.fitpack': <module 'scipy.interpolate.fitpack' from 'D:\\PythonProject\\QuantV1\\.venv\\Lib\\site-packages\\scipy\\interpolate\\fitpack.py'>, 'scipy.interpolate.fitpack2': <module 'scipy.interpolate.fitpack2' from 'D:\\PythonProject\\QuantV1\\.venv\\Lib\\site-packages\\scipy\\interpolate\\fitpack2.py'>, 'scipy.interpolate.interpolate': <module 'scipy.interpolate.interpolate' from 'D:\\PythonProject\\QuantV1\\.venv\\Lib\\site-packages\\scipy\\interpolate\\interpolate.py'>, 'scipy.interpolate.ndgriddata': <module 'scipy.interpolate.ndgriddata' from 'D:\\PythonProject\\QuantV1\\.venv\\Lib\\site-packages\\scipy\\interpolate\\ndgriddata.py'>, 'scipy.interpolate.polyint': <module 'scipy.interpolate.polyint' from 'D:\\PythonProject\\QuantV1\\.venv\\Lib\\site-packages\\scipy\\interpolate\\polyint.py'>, 'scipy.interpolate.rbf': <module 'scipy.interpolate.rbf' from 'D:\\PythonProject\\QuantV1\\.venv\\Lib\\site-packages\\scipy\\interpolate\\rbf.py'>, 'scipy.interpolate.interpnd': <module 'scipy.interpolate.interpnd' from 'D:\\PythonProject\\QuantV1\\.venv\\Lib\\site-packages\\scipy\\interpolate\\interpnd.py'>, 'scipy.interpolate': <module 'scipy.interpolate' from 'D:\\PythonProject\\QuantV1\\.venv\\Lib\\site-packages\\scipy\\interpolate\\__init__.py'>, 'scipy.special.cython_special': <module 'scipy.special.cython_special' from 'D:\\PythonProject\\QuantV1\\.venv\\Lib\\site-packages\\scipy\\special\\cython_special.cp312-win_amd64.pyd'>, 'scipy.stats._stats': <module 'scipy.stats._stats' from 'D:\\PythonProject\\QuantV1\\.venv\\Lib\\site-packages\\scipy\\stats\\_stats.cp312-win_amd64.pyd'>, 'scipy.stats._tukeylambda_stats': <module 'scipy.stats._tukeylambda_stats' from 'D:\\PythonProject\\QuantV1\\.venv\\Lib\\site-packages\\scipy\\stats\\_tukeylambda_stats.py'>, 'scipy.stats._ksstats': <module 'scipy.stats._ksstats' from 'D:\\PythonProject\\QuantV1\\.venv\\Lib\\site-packages\\scipy\\stats\\_ksstats.py'>, 'scipy.stats._continuous_distns': <module 'scipy.stats._continuous_distns' from 'D:\\PythonProject\\QuantV1\\.venv\\Lib\\site-packages\\scipy\\stats\\_continuous_distns.py'>, 'scipy.stats._biasedurn': <module 'scipy.stats._biasedurn' from 'D:\\PythonProject\\QuantV1\\.venv\\Lib\\site-packages\\scipy\\stats\\_biasedurn.cp312-win_amd64.pyd'>, 'scipy.stats._discrete_distns': <module 'scipy.stats._discrete_distns' from 'D:\\PythonProject\\QuantV1\\.venv\\Lib\\site-packages\\scipy\\stats\\_discrete_distns.py'>, 'scipy.stats._levy_stable.levyst': <module 'scipy.stats._levy_stable.levyst' from 'D:\\PythonProject\\QuantV1\\.venv\\Lib\\site-packages\\scipy\\stats\\_levy_stable\\levyst.cp312-win_amd64.pyd'>, 'scipy.stats._levy_stable': <module 'scipy.stats._levy_stable' from 'D:\\PythonProject\\QuantV1\\.venv\\Lib\\site-packages\\scipy\\stats\\_levy_stable\\__init__.py'>, 'scipy.stats._axis_nan_policy': <module 'scipy.stats._axis_nan_policy' from 'D:\\PythonProject\\QuantV1\\.venv\\Lib\\site-packages\\scipy\\stats\\_axis_nan_policy.py'>, 'scipy.stats._entropy': <module 'scipy.stats._entropy' from 'D:\\PythonProject\\QuantV1\\.venv\\Lib\\site-packages\\scipy\\stats\\_entropy.py'>, 'scipy.stats.distributions': <module 'scipy.stats.distributions' from 'D:\\PythonProject\\QuantV1\\.venv\\Lib\\site-packages\\scipy\\stats\\distributions.py'>, 'scipy._lib._bunch': <module 'scipy._lib._bunch' from 'D:\\PythonProject\\QuantV1\\.venv\\Lib\\site-packages\\scipy\\_lib\\_bunch.py'>, 'scipy.stats._stats_pythran': <module 'scipy.stats._stats_pythran' from 'D:\\PythonProject\\QuantV1\\.venv\\Lib\\site-packages\\scipy\\stats\\_stats_pythran.cp312-win_amd64.pyd'>, 'scipy.stats._stats_mstats_common': <module 'scipy.stats._stats_mstats_common' from 'D:\\PythonProject\\QuantV1\\.venv\\Lib\\site-packages\\scipy\\stats\\_stats_mstats_common.py'>, 'scipy.stats._mstats_basic': <module 'scipy.stats._mstats_basic' from 'D:\\PythonProject\\QuantV1\\.venv\\Lib\\site-packages\\scipy\\stats\\_mstats_basic.py'>, 'scipy.stats._common': <module 'scipy.stats._common' from 'D:\\PythonProject\\QuantV1\\.venv\\Lib\\site-packages\\scipy\\stats\\_common.py'>, 'scipy.stats._resampling': <module 'scipy.stats._resampling' from 'D:\\PythonProject\\QuantV1\\.venv\\Lib\\site-packages\\scipy\\stats\\_resampling.py'>, 'scipy.stats._binomtest': <module 'scipy.stats._binomtest' from 'D:\\PythonProject\\QuantV1\\.venv\\Lib\\site-packages\\scipy\\stats\\_binomtest.py'>, 'scipy.stats._quantile': <module 'scipy.stats._quantile' from 'D:\\PythonProject\\QuantV1\\.venv\\Lib\\site-packages\\scipy\\stats\\_quantile.py'>, 'scipy.stats._stats_py': <module 'scipy.stats._stats_py' from 'D:\\PythonProject\\QuantV1\\.venv\\Lib\\site-packages\\scipy\\stats\\_stats_py.py'>, 'scipy.stats._variation': <module 'scipy.stats._variation' from 'D:\\PythonProject\\QuantV1\\.venv\\Lib\\site-packages\\scipy\\stats\\_variation.py'>, 'scipy.stats._ansari_swilk_statistics': <module 'scipy.stats._ansari_swilk_statistics' from 'D:\\PythonProject\\QuantV1\\.venv\\Lib\\site-packages\\scipy\\stats\\_ansari_swilk_statistics.cp312-win_amd64.pyd'>, 'scipy.stats._hypotests': <module 'scipy.stats._hypotests' from 'D:\\PythonProject\\QuantV1\\.venv\\Lib\\site-packages\\scipy\\stats\\_hypotests.py'>, 'scipy.stats._wilcoxon': <module 'scipy.stats._wilcoxon' from 'D:\\PythonProject\\QuantV1\\.venv\\Lib\\site-packages\\scipy\\stats\\_wilcoxon.py'>, 'scipy.stats._fit': <module 'scipy.stats._fit' from 'D:\\PythonProject\\QuantV1\\.venv\\Lib\\site-packages\\scipy\\stats\\_fit.py'>, 'scipy.stats._relative_risk': <module 'scipy.stats._relative_risk' from 'D:\\PythonProject\\QuantV1\\.venv\\Lib\\site-packages\\scipy\\stats\\_relative_risk.py'>, 'scipy.stats._crosstab': <module 'scipy.stats._crosstab' from 'D:\\PythonProject\\QuantV1\\.venv\\Lib\\site-packages\\scipy\\stats\\_crosstab.py'>, 'scipy.stats._odds_ratio': <module 'scipy.stats._odds_ratio' from 'D:\\PythonProject\\QuantV1\\.venv\\Lib\\site-packages\\scipy\\stats\\_odds_ratio.py'>, 'scipy.stats.contingency': <module 'scipy.stats.contingency' from 'D:\\PythonProject\\QuantV1\\.venv\\Lib\\site-packages\\scipy\\stats\\contingency.py'>, 'scipy.stats._morestats': <module 'scipy.stats._morestats' from 'D:\\PythonProject\\QuantV1\\.venv\\Lib\\site-packages\\scipy\\stats\\_morestats.py'>, 'scipy.sparse.csgraph._laplacian': <module 'scipy.sparse.csgraph._laplacian' from 'D:\\PythonProject\\QuantV1\\.venv\\Lib\\site-packages\\scipy\\sparse\\csgraph\\_laplacian.py'>, 'scipy.sparse.csgraph._tools': <module 'scipy.sparse.csgraph._tools' from 'D:\\PythonProject\\QuantV1\\.venv\\Lib\\site-packages\\scipy\\sparse\\csgraph\\_tools.cp312-win_amd64.pyd'>, 'scipy.sparse.csgraph._validation': <module 'scipy.sparse.csgraph._validation' from 'D:\\PythonProject\\QuantV1\\.venv\\Lib\\site-packages\\scipy\\sparse\\csgraph\\_validation.py'>, 'scipy.sparse.csgraph._shortest_path': <module 'scipy.sparse.csgraph._shortest_path' from 'D:\\PythonProject\\QuantV1\\.venv\\Lib\\site-packages\\scipy\\sparse\\csgraph\\_shortest_path.cp312-win_amd64.pyd'>, 'scipy.sparse.csgraph._traversal': <module 'scipy.sparse.csgraph._traversal' from 'D:\\PythonProject\\QuantV1\\.venv\\Lib\\site-packages\\scipy\\sparse\\csgraph\\_traversal.cp312-win_amd64.pyd'>, 'scipy.sparse.csgraph._min_spanning_tree': <module 'scipy.sparse.csgraph._min_spanning_tree' from 'D:\\PythonProject\\QuantV1\\.venv\\Lib\\site-packages\\scipy\\sparse\\csgraph\\_min_spanning_tree.cp312-win_amd64.pyd'>, 'scipy.sparse.csgraph._flow': <module 'scipy.sparse.csgraph._flow' from 'D:\\PythonProject\\QuantV1\\.venv\\Lib\\site-packages\\scipy\\sparse\\csgraph\\_flow.cp312-win_amd64.pyd'>, 'scipy.sparse.csgraph._matching': <module 'scipy.sparse.csgraph._matching' from 'D:\\PythonProject\\QuantV1\\.venv\\Lib\\site-packages\\scipy\\sparse\\csgraph\\_matching.cp312-win_amd64.pyd'>, 'scipy.sparse.csgraph._reordering': <module 'scipy.sparse.csgraph._reordering' from 'D:\\PythonProject\\QuantV1\\.venv\\Lib\\site-packages\\scipy\\sparse\\csgraph\\_reordering.cp312-win_amd64.pyd'>, 'scipy.sparse.csgraph': <module 'scipy.sparse.csgraph' from 'D:\\PythonProject\\QuantV1\\.venv\\Lib\\site-packages\\scipy\\sparse\\csgraph\\__init__.py'>, 'scipy.stats._sobol': <module 'scipy.stats._sobol' from 'D:\\PythonProject\\QuantV1\\.venv\\Lib\\site-packages\\scipy\\stats\\_sobol.cp312-win_amd64.pyd'>, 'scipy.stats._qmc_cy': <module 'scipy.stats._qmc_cy' from 'D:\\PythonProject\\QuantV1\\.venv\\Lib\\site-packages\\scipy\\stats\\_qmc_cy.cp312-win_amd64.pyd'>, 'scipy.stats._qmc': <module 'scipy.stats._qmc' from 'D:\\PythonProject\\QuantV1\\.venv\\Lib\\site-packages\\scipy\\stats\\_qmc.py'>, 'scipy.stats._multicomp': <module 'scipy.stats._multicomp' from 'D:\\PythonProject\\QuantV1\\.venv\\Lib\\site-packages\\scipy\\stats\\_multicomp.py'>, 'scipy.stats._binned_statistic': <module 'scipy.stats._binned_statistic' from 'D:\\PythonProject\\QuantV1\\.venv\\Lib\\site-packages\\scipy\\stats\\_binned_statistic.py'>, 'scipy.stats._covariance': <module 'scipy.stats._covariance' from 'D:\\PythonProject\\QuantV1\\.venv\\Lib\\site-packages\\scipy\\stats\\_covariance.py'>, 'scipy.stats._rcont.rcont': <module 'scipy.stats._rcont.rcont' from 'D:\\PythonProject\\QuantV1\\.venv\\Lib\\site-packages\\scipy\\stats\\_rcont\\rcont.cp312-win_amd64.pyd'>, 'scipy.stats._rcont': <module 'scipy.stats._rcont' from 'D:\\PythonProject\\QuantV1\\.venv\\Lib\\site-packages\\scipy\\stats\\_rcont\\__init__.py'>, 'scipy.stats._qmvnt_cy': <module 'scipy.stats._qmvnt_cy' from 'D:\\PythonProject\\QuantV1\\.venv\\Lib\\site-packages\\scipy\\stats\\_qmvnt_cy.cp312-win_amd64.pyd'>, 'scipy.stats._qmvnt': <module 'scipy.stats._qmvnt' from 'D:\\PythonProject\\QuantV1\\.venv\\Lib\\site-packages\\scipy\\stats\\_qmvnt.py'>, 'scipy.stats._multivariate': <module 'scipy.stats._multivariate' from 'D:\\PythonProject\\QuantV1\\.venv\\Lib\\site-packages\\scipy\\stats\\_multivariate.py'>, 'scipy.stats._kde': <module 'scipy.stats._kde' from 'D:\\PythonProject\\QuantV1\\.venv\\Lib\\site-packages\\scipy\\stats\\_kde.py'>, 'scipy.stats._mstats_extras': <module 'scipy.stats._mstats_extras' from 'D:\\PythonProject\\QuantV1\\.venv\\Lib\\site-packages\\scipy\\stats\\_mstats_extras.py'>, 'scipy.stats.mstats': <module 'scipy.stats.mstats' from 'D:\\PythonProject\\QuantV1\\.venv\\Lib\\site-packages\\scipy\\stats\\mstats.py'>, 'scipy.stats.qmc': <module 'scipy.stats.qmc' from 'D:\\PythonProject\\QuantV1\\.venv\\Lib\\site-packages\\scipy\\stats\\qmc.py'>, 'scipy.stats._page_trend_test': <module 'scipy.stats._page_trend_test' from 'D:\\PythonProject\\QuantV1\\.venv\\Lib\\site-packages\\scipy\\stats\\_page_trend_test.py'>, 'scipy.stats._mannwhitneyu': <module 'scipy.stats._mannwhitneyu' from 'D:\\PythonProject\\QuantV1\\.venv\\Lib\\site-packages\\scipy\\stats\\_mannwhitneyu.py'>, 'scipy.stats._bws_test': <module 'scipy.stats._bws_test' from 'D:\\PythonProject\\QuantV1\\.venv\\Lib\\site-packages\\scipy\\stats\\_bws_test.py'>, 'scipy.stats._sensitivity_analysis': <module 'scipy.stats._sensitivity_analysis' from 'D:\\PythonProject\\QuantV1\\.venv\\Lib\\site-packages\\scipy\\stats\\_sensitivity_analysis.py'>, 'scipy.stats._survival': <module 'scipy.stats._survival' from 'D:\\PythonProject\\QuantV1\\.venv\\Lib\\site-packages\\scipy\\stats\\_survival.py'>, 'scipy.stats._probability_distribution': <module 'scipy.stats._probability_distribution' from 'D:\\PythonProject\\QuantV1\\.venv\\Lib\\site-packages\\scipy\\stats\\_probability_distribution.py'>, 'scipy.stats._distribution_infrastructure': <module 'scipy.stats._distribution_infrastructure' from 'D:\\PythonProject\\QuantV1\\.venv\\Lib\\site-packages\\scipy\\stats\\_distribution_infrastructure.py'>, 'scipy.stats._new_distributions': <module 'scipy.stats._new_distributions' from 'D:\\PythonProject\\QuantV1\\.venv\\Lib\\site-packages\\scipy\\stats\\_new_distributions.py'>, 'scipy.ndimage._ni_support': <module 'scipy.ndimage._ni_support' from 'D:\\PythonProject\\QuantV1\\.venv\\Lib\\site-packages\\scipy\\ndimage\\_ni_support.py'>, 'scipy.ndimage._nd_image': <module 'scipy.ndimage._nd_image' from 'D:\\PythonProject\\QuantV1\\.venv\\Lib\\site-packages\\scipy\\ndimage\\_nd_image.cp312-win_amd64.pyd'>, 'scipy.ndimage._ni_docstrings': <module 'scipy.ndimage._ni_docstrings' from 'D:\\PythonProject\\QuantV1\\.venv\\Lib\\site-packages\\scipy\\ndimage\\_ni_docstrings.py'>, 'scipy.ndimage._rank_filter_1d': <module 'scipy.ndimage._rank_filter_1d' from 'D:\\PythonProject\\QuantV1\\.venv\\Lib\\site-packages\\scipy\\ndimage\\_rank_filter_1d.cp312-win_amd64.pyd'>, 'scipy.ndimage._filters': <module 'scipy.ndimage._filters' from 'D:\\PythonProject\\QuantV1\\.venv\\Lib\\site-packages\\scipy\\ndimage\\_filters.py'>, 'scipy.ndimage._fourier': <module 'scipy.ndimage._fourier' from 'D:\\PythonProject\\QuantV1\\.venv\\Lib\\site-packages\\scipy\\ndimage\\_fourier.py'>, 'scipy.ndimage._interpolation': <module 'scipy.ndimage._interpolation' from 'D:\\PythonProject\\QuantV1\\.venv\\Lib\\site-packages\\scipy\\ndimage\\_interpolation.py'>, '_ni_label': <module 'scipy.ndimage._ni_label' from 'D:\\PythonProject\\QuantV1\\.venv\\Lib\\site-packages\\scipy\\ndimage\\_ni_label.cp312-win_amd64.pyd'>, 'scipy.ndimage._ni_label': <module 'scipy.ndimage._ni_label' from 'D:\\PythonProject\\QuantV1\\.venv\\Lib\\site-packages\\scipy\\ndimage\\_ni_label.cp312-win_amd64.pyd'>, 'scipy.ndimage._morphology': <module 'scipy.ndimage._morphology' from 'D:\\PythonProject\\QuantV1\\.venv\\Lib\\site-packages\\scipy\\ndimage\\_morphology.py'>, 'scipy.ndimage._measurements': <module 'scipy.ndimage._measurements' from 'D:\\PythonProject\\QuantV1\\.venv\\Lib\\site-packages\\scipy\\ndimage\\_measurements.py'>, 'scipy.ndimage._ndimage_api': <module 'scipy.ndimage._ndimage_api' from 'D:\\PythonProject\\QuantV1\\.venv\\Lib\\site-packages\\scipy\\ndimage\\_ndimage_api.py'>, 'scipy.ndimage._delegators': <module 'scipy.ndimage._delegators' from 'D:\\PythonProject\\QuantV1\\.venv\\Lib\\site-packages\\scipy\\ndimage\\_delegators.py'>, 'scipy.ndimage._support_alternative_backends': <module 'scipy.ndimage._support_alternative_backends' from 'D:\\PythonProject\\QuantV1\\.venv\\Lib\\site-packages\\scipy\\ndimage\\_support_alternative_backends.py'>, 'scipy.ndimage.filters': <module 'scipy.ndimage.filters' from 'D:\\PythonProject\\QuantV1\\.venv\\Lib\\site-packages\\scipy\\ndimage\\filters.py'>, 'scipy.ndimage.fourier': <module 'scipy.ndimage.fourier' from 'D:\\PythonProject\\QuantV1\\.venv\\Lib\\site-packages\\scipy\\ndimage\\fourier.py'>, 'scipy.ndimage.interpolation': <module 'scipy.ndimage.interpolation' from 'D:\\PythonProject\\QuantV1\\.venv\\Lib\\site-packages\\scipy\\ndimage\\interpolation.py'>, 'scipy.ndimage.measurements': <module 'scipy.ndimage.measurements' from 'D:\\PythonProject\\QuantV1\\.venv\\Lib\\site-packages\\scipy\\ndimage\\measurements.py'>, 'scipy.ndimage.morphology': <module 'scipy.ndimage.morphology' from 'D:\\PythonProject\\QuantV1\\.venv\\Lib\\site-packages\\scipy\\ndimage\\morphology.py'>, 'scipy.ndimage': <module 'scipy.ndimage' from 'D:\\PythonProject\\QuantV1\\.venv\\Lib\\site-packages\\scipy\\ndimage\\__init__.py'>, 'scipy.stats._mgc': <module 'scipy.stats._mgc' from 'D:\\PythonProject\\QuantV1\\.venv\\Lib\\site-packages\\scipy\\stats\\_mgc.py'>, 'scipy.stats._correlation': <module 'scipy.stats._correlation' from 'D:\\PythonProject\\QuantV1\\.venv\\Lib\\site-packages\\scipy\\stats\\_correlation.py'>, 'scipy.stats.biasedurn': <module 'scipy.stats.biasedurn' from 'D:\\PythonProject\\QuantV1\\.venv\\Lib\\site-packages\\scipy\\stats\\biasedurn.py'>, 'scipy.stats.kde': <module 'scipy.stats.kde' from 'D:\\PythonProject\\QuantV1\\.venv\\Lib\\site-packages\\scipy\\stats\\kde.py'>, 'scipy.stats.morestats': <module 'scipy.stats.morestats' from 'D:\\PythonProject\\QuantV1\\.venv\\Lib\\site-packages\\scipy\\stats\\morestats.py'>, 'scipy.stats.mstats_basic': <module 'scipy.stats.mstats_basic' from 'D:\\PythonProject\\QuantV1\\.venv\\Lib\\site-packages\\scipy\\stats\\mstats_basic.py'>, 'scipy.stats.mstats_extras': <module 'scipy.stats.mstats_extras' from 'D:\\PythonProject\\QuantV1\\.venv\\Lib\\site-packages\\scipy\\stats\\mstats_extras.py'>, 'scipy.stats.mvn': <module 'scipy.stats.mvn' from 'D:\\PythonProject\\QuantV1\\.venv\\Lib\\site-packages\\scipy\\stats\\mvn.py'>, 'scipy.stats.stats': <module 'scipy.stats.stats' from 'D:\\PythonProject\\QuantV1\\.venv\\Lib\\site-packages\\scipy\\stats\\stats.py'>, 'scipy.stats': <module 'scipy.stats' from 'D:\\PythonProject\\QuantV1\\.venv\\Lib\\site-packages\\scipy\\stats\\__init__.py'>, 'sklearn.externals._packaging': <module 'sklearn.externals._packaging' from 'D:\\PythonProject\\QuantV1\\.venv\\Lib\\site-packages\\sklearn\\externals\\_packaging\\__init__.py'>, 'sklearn.externals._packaging._structures': <module 'sklearn.externals._packaging._structures' from 'D:\\PythonProject\\QuantV1\\.venv\\Lib\\site-packages\\sklearn\\externals\\_packaging\\_structures.py'>, 'sklearn.externals._packaging.version': <module 'sklearn.externals._packaging.version' from 'D:\\PythonProject\\QuantV1\\.venv\\Lib\\site-packages\\sklearn\\externals\\_packaging\\version.py'>, 'ctypes.util': <module 'ctypes.util' from 'C:\\Users\\Turn-\\AppData\\Roaming\\uv\\python\\cpython-3.12-windows-x86_64-none\\Lib\\ctypes\\util.py'>, 'threadpoolctl': <module 'threadpoolctl' from 'D:\\PythonProject\\QuantV1\\.venv\\Lib\\site-packages\\threadpoolctl.py'>, 'sklearn.utils.parallel': <module 'sklearn.utils.parallel' from 'D:\\PythonProject\\QuantV1\\.venv\\Lib\\site-packages\\sklearn\\utils\\parallel.py'>, 'sklearn.utils.fixes': <module 'sklearn.utils.fixes' from 'D:\\PythonProject\\QuantV1\\.venv\\Lib\\site-packages\\sklearn\\utils\\fixes.py'>, 'sklearn.utils._array_api': <module 'sklearn.utils._array_api' from 'D:\\PythonProject\\QuantV1\\.venv\\Lib\\site-packages\\sklearn\\utils\\_array_api.py'>, 'sklearn._cyutility': <module 'sklearn._cyutility' from 'D:\\PythonProject\\QuantV1\\.venv\\Lib\\site-packages\\sklearn\\_cyutility.cp312-win_amd64.pyd'>, 'sklearn.utils._isfinite': <module 'sklearn.utils._isfinite' from 'D:\\PythonProject\\QuantV1\\.venv\\Lib\\site-packages\\sklearn\\utils\\_isfinite.cp312-win_amd64.pyd'>, 'sklearn.utils._tags': <module 'sklearn.utils._tags' from 'D:\\PythonProject\\QuantV1\\.venv\\Lib\\site-packages\\sklearn\\utils\\_tags.py'>, 'sklearn.utils.validation': <module 'sklearn.utils.validation' from 'D:\\PythonProject\\QuantV1\\.venv\\Lib\\site-packages\\sklearn\\utils\\validation.py'>, 'sklearn.utils._param_validation': <module 'sklearn.utils._param_validation' from 'D:\\PythonProject\\QuantV1\\.venv\\Lib\\site-packages\\sklearn\\utils\\_param_validation.py'>, 'sklearn.utils._chunking': <module 'sklearn.utils._chunking' from 'D:\\PythonProject\\QuantV1\\.venv\\Lib\\site-packages\\sklearn\\utils\\_chunking.py'>, 'sklearn.utils.deprecation': <module 'sklearn.utils.deprecation' from 'D:\\PythonProject\\QuantV1\\.venv\\Lib\\site-packages\\sklearn\\utils\\deprecation.py'>, 'sklearn.utils.sparsefuncs_fast': <module 'sklearn.utils.sparsefuncs_fast' from 'D:\\PythonProject\\QuantV1\\.venv\\Lib\\site-packages\\sklearn\\utils\\sparsefuncs_fast.cp312-win_amd64.pyd'>, 'sklearn.utils.sparsefuncs': <module 'sklearn.utils.sparsefuncs' from 'D:\\PythonProject\\QuantV1\\.venv\\Lib\\site-packages\\sklearn\\utils\\sparsefuncs.py'>, 'sklearn.utils.extmath': <module 'sklearn.utils.extmath' from 'D:\\PythonProject\\QuantV1\\.venv\\Lib\\site-packages\\sklearn\\utils\\extmath.py'>, 'sklearn.utils._indexing': <module 'sklearn.utils._indexing' from 'D:\\PythonProject\\QuantV1\\.venv\\Lib\\site-packages\\sklearn\\utils\\_indexing.py'>, 'sklearn.utils._missing': <module 'sklearn.utils._missing' from 'D:\\PythonProject\\QuantV1\\.venv\\Lib\\site-packages\\sklearn\\utils\\_missing.py'>, 'sklearn.utils._sparse': <module 'sklearn.utils._sparse' from 'D:\\PythonProject\\QuantV1\\.venv\\Lib\\site-packages\\sklearn\\utils\\_sparse.py'>, 'sklearn.utils._mask': <module 'sklearn.utils._mask' from 'D:\\PythonProject\\QuantV1\\.venv\\Lib\\site-packages\\sklearn\\utils\\_mask.py'>, 'sklearn.utils._repr_html': <module 'sklearn.utils._repr_html' from 'D:\\PythonProject\\QuantV1\\.venv\\Lib\\site-packages\\sklearn\\utils\\_repr_html\\__init__.py'>, 'sklearn.utils._repr_html.base': <module 'sklearn.utils._repr_html.base' from 'D:\\PythonProject\\QuantV1\\.venv\\Lib\\site-packages\\sklearn\\utils\\_repr_html\\base.py'>, 'html.entities': <module 'html.entities' from 'C:\\Users\\Turn-\\AppData\\Roaming\\uv\\python\\cpython-3.12-windows-x86_64-none\\Lib\\html\\entities.py'>, 'html': <module 'html' from 'C:\\Users\\Turn-\\AppData\\Roaming\\uv\\python\\cpython-3.12-windows-x86_64-none\\Lib\\html\\__init__.py'>, 'sklearn.utils._repr_html.features': <module 'sklearn.utils._repr_html.features' from 'D:\\PythonProject\\QuantV1\\.venv\\Lib\\site-packages\\sklearn\\utils\\_repr_html\\features.py'>, 'sklearn.utils._repr_html.estimator': <module 'sklearn.utils._repr_html.estimator' from 'D:\\PythonProject\\QuantV1\\.venv\\Lib\\site-packages\\sklearn\\utils\\_repr_html\\estimator.py'>, 'sklearn.utils.class_weight': <module 'sklearn.utils.class_weight' from 'D:\\PythonProject\\QuantV1\\.venv\\Lib\\site-packages\\sklearn\\utils\\class_weight.py'>, 'sklearn.utils.discovery': <module 'sklearn.utils.discovery' from 'D:\\PythonProject\\QuantV1\\.venv\\Lib\\site-packages\\sklearn\\utils\\discovery.py'>, 'sklearn.utils.murmurhash': <module 'sklearn.utils.murmurhash' from 'D:\\PythonProject\\QuantV1\\.venv\\Lib\\site-packages\\sklearn\\utils\\murmurhash.cp312-win_amd64.pyd'>, 'sklearn.utils': <module 'sklearn.utils' from 'D:\\PythonProject\\QuantV1\\.venv\\Lib\\site-packages\\sklearn\\utils\\__init__.py'>, 'sklearn.externals._numpydoc': <module 'sklearn.externals._numpydoc' (namespace) from ['D:\\PythonProject\\QuantV1\\.venv\\Lib\\site-packages\\sklearn\\externals\\_numpydoc']>, 'sklearn.externals._numpydoc.docscrape': <module 'sklearn.externals._numpydoc.docscrape' from 'D:\\PythonProject\\QuantV1\\.venv\\Lib\\site-packages\\sklearn\\externals\\_numpydoc\\docscrape.py'>, 'sklearn.utils._repr_html.common': <module 'sklearn.utils._repr_html.common' from 'D:\\PythonProject\\QuantV1\\.venv\\Lib\\site-packages\\sklearn\\utils\\_repr_html\\common.py'>, 'sklearn.utils._repr_html.fitted_attributes': <module 'sklearn.utils._repr_html.fitted_attributes' from 'D:\\PythonProject\\QuantV1\\.venv\\Lib\\site-packages\\sklearn\\utils\\_repr_html\\fitted_attributes.py'>, 'sklearn.utils._repr_html.params': <module 'sklearn.utils._repr_html.params' from 'D:\\PythonProject\\QuantV1\\.venv\\Lib\\site-packages\\sklearn\\utils\\_repr_html\\params.py'>, 'sklearn.utils._available_if': <module 'sklearn.utils._available_if' from 'D:\\PythonProject\\QuantV1\\.venv\\Lib\\site-packages\\sklearn\\utils\\_available_if.py'>, 'sklearn.utils._set_output': <module 'sklearn.utils._set_output' from 'D:\\PythonProject\\QuantV1\\.venv\\Lib\\site-packages\\sklearn\\utils\\_set_output.py'>, 'sklearn.base': <module 'sklearn.base' from 'D:\\PythonProject\\QuantV1\\.venv\\Lib\\site-packages\\sklearn\\base.py'>, 'sklearn.utils._openmp_helpers': <module 'sklearn.utils._openmp_helpers' from 'D:\\PythonProject\\QuantV1\\.venv\\Lib\\site-packages\\sklearn\\utils\\_openmp_helpers.cp312-win_amd64.pyd'>, 'sklearn.utils._show_versions': <module 'sklearn.utils._show_versions' from 'D:\\PythonProject\\QuantV1\\.venv\\Lib\\site-packages\\sklearn\\utils\\_show_versions.py'>, 'sklearn': <module 'sklearn' from 'D:\\PythonProject\\QuantV1\\.venv\\Lib\\site-packages\\sklearn\\__init__.py'>, 'timeit': <module 'timeit' from 'C:\\Users\\Turn-\\AppData\\Roaming\\uv\\python\\cpython-3.12-windows-x86_64-none\\Lib\\timeit.py'>, 'sklearn.utils._user_interface': <module 'sklearn.utils._user_interface' from 'D:\\PythonProject\\QuantV1\\.venv\\Lib\\site-packages\\sklearn\\utils\\_user_interface.py'>, 'sklearn.utils.metaestimators': <module 'sklearn.utils.metaestimators' from 'D:\\PythonProject\\QuantV1\\.venv\\Lib\\site-packages\\sklearn\\utils\\metaestimators.py'>, 'sklearn.ensemble._base': <module 'sklearn.ensemble._base' from 'D:\\PythonProject\\QuantV1\\.venv\\Lib\\site-packages\\sklearn\\ensemble\\_base.py'>, 'sklearn.ensemble._bootstrap': <module 'sklearn.ensemble._bootstrap' from 'D:\\PythonProject\\QuantV1\\.venv\\Lib\\site-packages\\sklearn\\ensemble\\_bootstrap.py'>, 'sklearn.metrics.cluster._bicluster': <module 'sklearn.metrics.cluster._bicluster' from 'D:\\PythonProject\\QuantV1\\.venv\\Lib\\site-packages\\sklearn\\metrics\\cluster\\_bicluster.py'>, 'sklearn.metrics.cluster._expected_mutual_info_fast': <module 'sklearn.metrics.cluster._expected_mutual_info_fast' from 'D:\\PythonProject\\QuantV1\\.venv\\Lib\\site-packages\\sklearn\\metrics\\cluster\\_expected_mutual_info_fast.cp312-win_amd64.pyd'>, 'sklearn.utils._unique': <module 'sklearn.utils._unique' from 'D:\\PythonProject\\QuantV1\\.venv\\Lib\\site-packages\\sklearn\\utils\\_unique.py'>, 'sklearn.utils.multiclass': <module 'sklearn.utils.multiclass' from 'D:\\PythonProject\\QuantV1\\.venv\\Lib\\site-packages\\sklearn\\utils\\multiclass.py'>, 'sklearn.metrics.cluster._supervised': <module 'sklearn.metrics.cluster._supervised' from 'D:\\PythonProject\\QuantV1\\.venv\\Lib\\site-packages\\sklearn\\metrics\\cluster\\_supervised.py'>, 'sklearn.metrics._dist_metrics': <module 'sklearn.metrics._dist_metrics' from 'D:\\PythonProject\\QuantV1\\.venv\\Lib\\site-packages\\sklearn\\metrics\\_dist_metrics.cp312-win_amd64.pyd'>, 'sklearn.metrics._pairwise_distances_reduction._datasets_pair': <module 'sklearn.metrics._pairwise_distances_reduction._datasets_pair' from 'D:\\PythonProject\\QuantV1\\.venv\\Lib\\site-packages\\sklearn\\metrics\\_pairwise_distances_reduction\\_datasets_pair.cp312-win_amd64.pyd'>, 'sklearn.utils._cython_blas': <module 'sklearn.utils._cython_blas' from 'D:\\PythonProject\\QuantV1\\.venv\\Lib\\site-packages\\sklearn\\utils\\_cython_blas.cp312-win_amd64.pyd'>, 'sklearn.metrics._pairwise_distances_reduction._base': <module 'sklearn.metrics._pairwise_distances_reduction._base' from 'D:\\PythonProject\\QuantV1\\.venv\\Lib\\site-packages\\sklearn\\metrics\\_pairwise_distances_reduction\\_base.cp312-win_amd64.pyd'>, 'sklearn.metrics._pairwise_distances_reduction._middle_term_computer': <module 'sklearn.metrics._pairwise_distances_reduction._middle_term_computer' from 'D:\\PythonProject\\QuantV1\\.venv\\Lib\\site-packages\\sklearn\\metrics\\_pairwise_distances_reduction\\_middle_term_computer.cp312-win_amd64.pyd'>, 'sklearn.utils._heap': <module 'sklearn.utils._heap' from 'D:\\PythonProject\\QuantV1\\.venv\\Lib\\site-packages\\sklearn\\utils\\_heap.cp312-win_amd64.pyd'>, 'sklearn.utils._sorting': <module 'sklearn.utils._sorting' from 'D:\\PythonProject\\QuantV1\\.venv\\Lib\\site-packages\\sklearn\\utils\\_sorting.cp312-win_amd64.pyd'>, 'sklearn.metrics._pairwise_distances_reduction._argkmin': <module 'sklearn.metrics._pairwise_distances_reduction._argkmin' from 'D:\\PythonProject\\QuantV1\\.venv\\Lib\\site-packages\\sklearn\\metrics\\_pairwise_distances_reduction\\_argkmin.cp312-win_amd64.pyd'>, 'sklearn.metrics._pairwise_distances_reduction._argkmin_classmode': <module 'sklearn.metrics._pairwise_distances_reduction._argkmin_classmode' from 'D:\\PythonProject\\QuantV1\\.venv\\Lib\\site-packages\\sklearn\\metrics\\_pairwise_distances_reduction\\_argkmin_classmode.cp312-win_amd64.pyd'>, 'sklearn.utils._vector_sentinel': <module 'sklearn.utils._vector_sentinel' from 'D:\\PythonProject\\QuantV1\\.venv\\Lib\\site-packages\\sklearn\\utils\\_vector_sentinel.cp312-win_amd64.pyd'>, 'sklearn.metrics._pairwise_distances_reduction._radius_neighbors': <module 'sklearn.metrics._pairwise_distances_reduction._radius_neighbors' from 'D:\\PythonProject\\QuantV1\\.venv\\Lib\\site-packages\\sklearn\\metrics\\_pairwise_distances_reduction\\_radius_neighbors.cp312-win_amd64.pyd'>, 'sklearn.metrics._pairwise_distances_reduction._radius_neighbors_classmode': <module 'sklearn.metrics._pairwise_distances_reduction._radius_neighbors_classmode' from 'D:\\PythonProject\\QuantV1\\.venv\\Lib\\site-packages\\sklearn\\metrics\\_pairwise_distances_reduction\\_radius_neighbors_classmode.cp312-win_amd64.pyd'>, 'sklearn.metrics._pairwise_distances_reduction._dispatcher': <module 'sklearn.metrics._pairwise_distances_reduction._dispatcher' from 'D:\\PythonProject\\QuantV1\\.venv\\Lib\\site-packages\\sklearn\\metrics\\_pairwise_distances_reduction\\_dispatcher.py'>, 'sklearn.metrics._pairwise_distances_reduction': <module 'sklearn.metrics._pairwise_distances_reduction' from 'D:\\PythonProject\\QuantV1\\.venv\\Lib\\site-packages\\sklearn\\metrics\\_pairwise_distances_reduction\\__init__.py'>, 'sklearn.metrics._pairwise_fast': <module 'sklearn.metrics._pairwise_fast' from 'D:\\PythonProject\\QuantV1\\.venv\\Lib\\site-packages\\sklearn\\metrics\\_pairwise_fast.cp312-win_amd64.pyd'>, 'sklearn.callback._base': <module 'sklearn.callback._base' from 'D:\\PythonProject\\QuantV1\\.venv\\Lib\\site-packages\\sklearn\\callback\\_base.py'>, 'sklearn.callback._callback_context': <module 'sklearn.callback._callback_context' from 'D:\\PythonProject\\QuantV1\\.venv\\Lib\\site-packages\\sklearn\\callback\\_callback_context.py'>, 'sklearn.callback._callback_support': <module 'sklearn.callback._callback_support' from 'D:\\PythonProject\\QuantV1\\.venv\\Lib\\site-packages\\sklearn\\callback\\_callback_support.py'>, 'sklearn.callback._transport': <module 'sklearn.callback._transport' from 'D:\\PythonProject\\QuantV1\\.venv\\Lib\\site-packages\\sklearn\\callback\\_transport.py'>, 'sklearn.utils._optional_dependencies': <module 'sklearn.utils._optional_dependencies' from 'D:\\PythonProject\\QuantV1\\.venv\\Lib\\site-packages\\sklearn\\utils\\_optional_dependencies.py'>, 'sklearn.callback._progressbar': <module 'sklearn.callback._progressbar' from 'D:\\PythonProject\\QuantV1\\.venv\\Lib\\site-packages\\sklearn\\callback\\_progressbar.py'>, 'sklearn.callback._scoring_monitor': <module 'sklearn.callback._scoring_monitor' from 'D:\\PythonProject\\QuantV1\\.venv\\Lib\\site-packages\\sklearn\\callback\\_scoring_monitor.py'>, 'sklearn.callback': <module 'sklearn.callback' from 'D:\\PythonProject\\QuantV1\\.venv\\Lib\\site-packages\\sklearn\\callback\\__init__.py'>, 'sklearn.utils._encode': <module 'sklearn.utils._encode' from 'D:\\PythonProject\\QuantV1\\.venv\\Lib\\site-packages\\sklearn\\utils\\_encode.py'>, 'sklearn.preprocessing._encoders': <module 'sklearn.preprocessing._encoders' from 'D:\\PythonProject\\QuantV1\\.venv\\Lib\\site-packages\\sklearn\\preprocessing\\_encoders.py'>, 'sklearn.preprocessing._data': <module 'sklearn.preprocessing._data' from 'D:\\PythonProject\\QuantV1\\.venv\\Lib\\site-packages\\sklearn\\preprocessing\\_data.py'>, 'sklearn.utils.stats': <module 'sklearn.utils.stats' from 'D:\\PythonProject\\QuantV1\\.venv\\Lib\\site-packages\\sklearn\\utils\\stats.py'>, 'sklearn.preprocessing._discretization': <module 'sklearn.preprocessing._discretization' from 'D:\\PythonProject\\QuantV1\\.venv\\Lib\\site-packages\\sklearn\\preprocessing\\_discretization.py'>, 'sklearn.preprocessing._function_transformer': <module 'sklearn.preprocessing._function_transformer' from 'D:\\PythonProject\\QuantV1\\.venv\\Lib\\site-packages\\sklearn\\preprocessing\\_function_transformer.py'>, 'array': <module 'array' (built-in)>, 'sklearn.preprocessing._label': <module 'sklearn.preprocessing._label' from 'D:\\PythonProject\\QuantV1\\.venv\\Lib\\site-packages\\sklearn\\preprocessing\\_label.py'>, 'sklearn.preprocessing._csr_polynomial_expansion': <module 'sklearn.preprocessing._csr_polynomial_expansion' from 'D:\\PythonProject\\QuantV1\\.venv\\Lib\\site-packages\\sklearn\\preprocessing\\_csr_polynomial_expansion.cp312-win_amd64.pyd'>, 'sklearn.preprocessing._polynomial': <module 'sklearn.preprocessing._polynomial' from 'D:\\PythonProject\\QuantV1\\.venv\\Lib\\site-packages\\sklearn\\preprocessing\\_polynomial.py'>, 'sklearn.preprocessing._target_encoder_fast': <module 'sklearn.preprocessing._target_encoder_fast' from 'D:\\PythonProject\\QuantV1\\.venv\\Lib\\site-packages\\sklearn\\preprocessing\\_target_encoder_fast.cp312-win_amd64.pyd'>, 'sklearn.preprocessing._target_encoder': <module 'sklearn.preprocessing._target_encoder' from 'D:\\PythonProject\\QuantV1\\.venv\\Lib\\site-packages\\sklearn\\preprocessing\\_target_encoder.py'>, 'sklearn.preprocessing': <module 'sklearn.preprocessing' from 'D:\\PythonProject\\QuantV1\\.venv\\Lib\\site-packages\\sklearn\\preprocessing\\__init__.py'>, 'sklearn.metrics.pairwise': <module 'sklearn.metrics.pairwise' from 'D:\\PythonProject\\QuantV1\\.venv\\Lib\\site-packages\\sklearn\\metrics\\pairwise.py'>, 'sklearn.metrics.cluster._unsupervised': <module 'sklearn.metrics.cluster._unsupervised' from 'D:\\PythonProject\\QuantV1\\.venv\\Lib\\site-packages\\sklearn\\metrics\\cluster\\_unsupervised.py'>, 'sklearn.metrics.cluster': <module 'sklearn.metrics.cluster' from 'D:\\PythonProject\\QuantV1\\.venv\\Lib\\site-packages\\sklearn\\metrics\\cluster\\__init__.py'>, 'sklearn.metrics._classification': <module 'sklearn.metrics._classification' from 'D:\\PythonProject\\QuantV1\\.venv\\Lib\\site-packages\\sklearn\\metrics\\_classification.py'>, 'sklearn.metrics._plot': <module 'sklearn.metrics._plot' from 'D:\\PythonProject\\QuantV1\\.venv\\Lib\\site-packages\\sklearn\\metrics\\_plot\\__init__.py'>, 'sklearn.utils._response': <module 'sklearn.utils._response' from 'D:\\PythonProject\\QuantV1\\.venv\\Lib\\site-packages\\sklearn\\utils\\_response.py'>, 'sklearn.utils._plotting': <module 'sklearn.utils._plotting' from 'D:\\PythonProject\\QuantV1\\.venv\\Lib\\site-packages\\sklearn\\utils\\_plotting.py'>, 'sklearn.metrics._plot.confusion_matrix': <module 'sklearn.metrics._plot.confusion_matrix' from 'D:\\PythonProject\\QuantV1\\.venv\\Lib\\site-packages\\sklearn\\metrics\\_plot\\confusion_matrix.py'>, 'sklearn.metrics._base': <module 'sklearn.metrics._base' from 'D:\\PythonProject\\QuantV1\\.venv\\Lib\\site-packages\\sklearn\\metrics\\_base.py'>, 'sklearn.metrics._ranking': <module 'sklearn.metrics._ranking' from 'D:\\PythonProject\\QuantV1\\.venv\\Lib\\site-packages\\sklearn\\metrics\\_ranking.py'>, 'sklearn.metrics._plot.det_curve': <module 'sklearn.metrics._plot.det_curve' from 'D:\\PythonProject\\QuantV1\\.venv\\Lib\\site-packages\\sklearn\\metrics\\_plot\\det_curve.py'>, 'sklearn.metrics._plot.precision_recall_curve': <module 'sklearn.metrics._plot.precision_recall_curve' from 'D:\\PythonProject\\QuantV1\\.venv\\Lib\\site-packages\\sklearn\\metrics\\_plot\\precision_recall_curve.py'>, 'sklearn.metrics._plot.regression': <module 'sklearn.metrics._plot.regression' from 'D:\\PythonProject\\QuantV1\\.venv\\Lib\\site-packages\\sklearn\\metrics\\_plot\\regression.py'>, 'sklearn.metrics._plot.roc_curve': <module 'sklearn.metrics._plot.roc_curve' from 'D:\\PythonProject\\QuantV1\\.venv\\Lib\\site-packages\\sklearn\\metrics\\_plot\\roc_curve.py'>, 'sklearn.metrics._regression': <module 'sklearn.metrics._regression' from 'D:\\PythonProject\\QuantV1\\.venv\\Lib\\site-packages\\sklearn\\metrics\\_regression.py'>, 'sklearn.metrics._scorer': <module 'sklearn.metrics._scorer' from 'D:\\PythonProject\\QuantV1\\.venv\\Lib\\site-packages\\sklearn\\metrics\\_scorer.py'>, 'sklearn.metrics': <module 'sklearn.metrics' from 'D:\\PythonProject\\QuantV1\\.venv\\Lib\\site-packages\\sklearn\\metrics\\__init__.py'>, 'sklearn.neighbors._partition_nodes': <module 'sklearn.neighbors._partition_nodes' from 'D:\\PythonProject\\QuantV1\\.venv\\Lib\\site-packages\\sklearn\\neighbors\\_partition_nodes.cp312-win_amd64.pyd'>, 'sklearn.neighbors._ball_tree': <module 'sklearn.neighbors._ball_tree' from 'D:\\PythonProject\\QuantV1\\.venv\\Lib\\site-packages\\sklearn\\neighbors\\_ball_tree.cp312-win_amd64.pyd'>, 'sklearn.neighbors._kd_tree': <module 'sklearn.neighbors._kd_tree' from 'D:\\PythonProject\\QuantV1\\.venv\\Lib\\site-packages\\sklearn\\neighbors\\_kd_tree.cp312-win_amd64.pyd'>, 'sklearn.neighbors._base': <module 'sklearn.neighbors._base' from 'D:\\PythonProject\\QuantV1\\.venv\\Lib\\site-packages\\sklearn\\neighbors\\_base.py'>, 'sklearn.utils.arrayfuncs': <module 'sklearn.utils.arrayfuncs' from 'D:\\PythonProject\\QuantV1\\.venv\\Lib\\site-packages\\sklearn\\utils\\arrayfuncs.cp312-win_amd64.pyd'>, 'sklearn.neighbors._classification': <module 'sklearn.neighbors._classification' from 'D:\\PythonProject\\QuantV1\\.venv\\Lib\\site-packages\\sklearn\\neighbors\\_classification.py'>, 'sklearn.neighbors._unsupervised': <module 'sklearn.neighbors._unsupervised' from 'D:\\PythonProject\\QuantV1\\.venv\\Lib\\site-packages\\sklearn\\neighbors\\_unsupervised.py'>, 'sklearn.neighbors._graph': <module 'sklearn.neighbors._graph' from 'D:\\PythonProject\\QuantV1\\.venv\\Lib\\site-packages\\sklearn\\neighbors\\_graph.py'>, 'sklearn.neighbors._kde': <module 'sklearn.neighbors._kde' from 'D:\\PythonProject\\QuantV1\\.venv\\Lib\\site-packages\\sklearn\\neighbors\\_kde.py'>, 'sklearn.neighbors._lof': <module 'sklearn.neighbors._lof' from 'D:\\PythonProject\\QuantV1\\.venv\\Lib\\site-packages\\sklearn\\neighbors\\_lof.py'>, 'sklearn.utils._random': <module 'sklearn.utils._random' from 'D:\\PythonProject\\QuantV1\\.venv\\Lib\\site-packages\\sklearn\\utils\\_random.cp312-win_amd64.pyd'>, 'sklearn.utils._seq_dataset': <module 'sklearn.utils._seq_dataset' from 'D:\\PythonProject\\QuantV1\\.venv\\Lib\\site-packages\\sklearn\\utils\\_seq_dataset.cp312-win_amd64.pyd'>, 'sklearn.linear_model._base': <module 'sklearn.linear_model._base' from 'D:\\PythonProject\\QuantV1\\.venv\\Lib\\site-packages\\sklearn\\linear_model\\_base.py'>, 'sklearn.linear_model._bayes': <module 'sklearn.linear_model._bayes' from 'D:\\PythonProject\\QuantV1\\.venv\\Lib\\site-packages\\sklearn\\linear_model\\_bayes.py'>, 'sklearn.linear_model._cd_fast': <module 'sklearn.linear_model._cd_fast' from 'D:\\PythonProject\\QuantV1\\.venv\\Lib\\site-packages\\sklearn\\linear_model\\_cd_fast.cp312-win_amd64.pyd'>, 'sklearn.model_selection._split': <module 'sklearn.model_selection._split' from 'D:\\PythonProject\\QuantV1\\.venv\\Lib\\site-packages\\sklearn\\model_selection\\_split.py'>, 'sklearn.model_selection._classification_threshold': <module 'sklearn.model_selection._classification_threshold' from 'D:\\PythonProject\\QuantV1\\.venv\\Lib\\site-packages\\sklearn\\model_selection\\_classification_threshold.py'>, 'sklearn.model_selection._validation': <module 'sklearn.model_selection._validation' from 'D:\\PythonProject\\QuantV1\\.venv\\Lib\\site-packages\\sklearn\\model_selection\\_validation.py'>, 'sklearn.model_selection._plot': <module 'sklearn.model_selection._plot' from 'D:\\PythonProject\\QuantV1\\.venv\\Lib\\site-packages\\sklearn\\model_selection\\_plot.py'>, 'sklearn.utils.random': <module 'sklearn.utils.random' from 'D:\\PythonProject\\QuantV1\\.venv\\Lib\\site-packages\\sklearn\\utils\\random.py'>, 'sklearn.model_selection._search': <module 'sklearn.model_selection._search' from 'D:\\PythonProject\\QuantV1\\.venv\\Lib\\site-packages\\sklearn\\model_selection\\_search.py'>, 'sklearn.model_selection': <module 'sklearn.model_selection' from 'D:\\PythonProject\\QuantV1\\.venv\\Lib\\site-packages\\sklearn\\model_selection\\__init__.py'>, 'sklearn.linear_model._coordinate_descent': <module 'sklearn.linear_model._coordinate_descent' from 'D:\\PythonProject\\QuantV1\\.venv\\Lib\\site-packages\\sklearn\\linear_model\\_coordinate_descent.py'>, 'sklearn._loss._loss': <module 'sklearn._loss._loss' from 'D:\\PythonProject\\QuantV1\\.venv\\Lib\\site-packages\\sklearn\\_loss\\_loss.cp312-win_amd64.pyd'>, 'sklearn._loss.link': <module 'sklearn._loss.link' from 'D:\\PythonProject\\QuantV1\\.venv\\Lib\\site-packages\\sklearn\\_loss\\link.py'>, 'sklearn._loss.loss': <module 'sklearn._loss.loss' from 'D:\\PythonProject\\QuantV1\\.venv\\Lib\\site-packages\\sklearn\\_loss\\loss.py'>, 'sklearn._loss': <module 'sklearn._loss' from 'D:\\PythonProject\\QuantV1\\.venv\\Lib\\site-packages\\sklearn\\_loss\\__init__.py'>, 'sklearn.linear_model._linear_loss': <module 'sklearn.linear_model._linear_loss' from 'D:\\PythonProject\\QuantV1\\.venv\\Lib\\site-packages\\sklearn\\linear_model\\_linear_loss.py'>, 'sklearn.utils.optimize': <module 'sklearn.utils.optimize' from 'D:\\PythonProject\\QuantV1\\.venv\\Lib\\site-packages\\sklearn\\utils\\optimize.py'>, 'sklearn.linear_model._glm._newton_solver': <module 'sklearn.linear_model._glm._newton_solver' from 'D:\\PythonProject\\QuantV1\\.venv\\Lib\\site-packages\\sklearn\\linear_model\\_glm\\_newton_solver.py'>, 'sklearn.linear_model._glm.glm': <module 'sklearn.linear_model._glm.glm' from 'D:\\PythonProject\\QuantV1\\.venv\\Lib\\site-packages\\sklearn\\linear_model\\_glm\\glm.py'>, 'sklearn.linear_model._glm': <module 'sklearn.linear_model._glm' from 'D:\\PythonProject\\QuantV1\\.venv\\Lib\\site-packages\\sklearn\\linear_model\\_glm\\__init__.py'>, 'sklearn.linear_model._huber': <module 'sklearn.linear_model._huber' from 'D:\\PythonProject\\QuantV1\\.venv\\Lib\\site-packages\\sklearn\\linear_model\\_huber.py'>, 'sklearn.linear_model._least_angle': <module 'sklearn.linear_model._least_angle' from 'D:\\PythonProject\\QuantV1\\.venv\\Lib\\site-packages\\sklearn\\linear_model\\_least_angle.py'>, 'sklearn.linear_model._sag_fast': <module 'sklearn.linear_model._sag_fast' from 'D:\\PythonProject\\QuantV1\\.venv\\Lib\\site-packages\\sklearn\\linear_model\\_sag_fast.cp312-win_amd64.pyd'>, 'sklearn.linear_model._sag': <module 'sklearn.linear_model._sag' from 'D:\\PythonProject\\QuantV1\\.venv\\Lib\\site-packages\\sklearn\\linear_model\\_sag.py'>, 'sklearn.svm._bounds': <module 'sklearn.svm._bounds' from 'D:\\PythonProject\\QuantV1\\.venv\\Lib\\site-packages\\sklearn\\svm\\_bounds.py'>, 'sklearn.svm._liblinear': <module 'sklearn.svm._liblinear' from 'D:\\PythonProject\\QuantV1\\.venv\\Lib\\site-packages\\sklearn\\svm\\_liblinear.cp312-win_amd64.pyd'>, 'sklearn.svm._libsvm': <module 'sklearn.svm._libsvm' from 'D:\\PythonProject\\QuantV1\\.venv\\Lib\\site-packages\\sklearn\\svm\\_libsvm.cp312-win_amd64.pyd'>, 'sklearn.svm._libsvm_sparse': <module 'sklearn.svm._libsvm_sparse' from 'D:\\PythonProject\\QuantV1\\.venv\\Lib\\site-packages\\sklearn\\svm\\_libsvm_sparse.cp312-win_amd64.pyd'>, 'sklearn.svm._base': <module 'sklearn.svm._base' from 'D:\\PythonProject\\QuantV1\\.venv\\Lib\\site-packages\\sklearn\\svm\\_base.py'>, 'sklearn.svm._classes': <module 'sklearn.svm._classes' from 'D:\\PythonProject\\QuantV1\\.venv\\Lib\\site-packages\\sklearn\\svm\\_classes.py'>, 'sklearn.svm': <module 'sklearn.svm' from 'D:\\PythonProject\\QuantV1\\.venv\\Lib\\site-packages\\sklearn\\svm\\__init__.py'>, 'sklearn.linear_model._logistic': <module 'sklearn.linear_model._logistic' from 'D:\\PythonProject\\QuantV1\\.venv\\Lib\\site-packages\\sklearn\\linear_model\\_logistic.py'>, 'sklearn.linear_model._omp': <module 'sklearn.linear_model._omp' from 'D:\\PythonProject\\QuantV1\\.venv\\Lib\\site-packages\\sklearn\\linear_model\\_omp.py'>, 'sklearn.utils._weight_vector': <module 'sklearn.utils._weight_vector' from 'D:\\PythonProject\\QuantV1\\.venv\\Lib\\site-packages\\sklearn\\utils\\_weight_vector.cp312-win_amd64.pyd'>, 'sklearn.linear_model._sgd_fast': <module 'sklearn.linear_model._sgd_fast' from 'D:\\PythonProject\\QuantV1\\.venv\\Lib\\site-packages\\sklearn\\linear_model\\_sgd_fast.cp312-win_amd64.pyd'>, 'sklearn.linear_model._stochastic_gradient': <module 'sklearn.linear_model._stochastic_gradient' from 'D:\\PythonProject\\QuantV1\\.venv\\Lib\\site-packages\\sklearn\\linear_model\\_stochastic_gradient.py'>, 'sklearn.linear_model._passive_aggressive': <module 'sklearn.linear_model._passive_aggressive' from 'D:\\PythonProject\\QuantV1\\.venv\\Lib\\site-packages\\sklearn\\linear_model\\_passive_aggressive.py'>, 'sklearn.linear_model._perceptron': <module 'sklearn.linear_model._perceptron' from 'D:\\PythonProject\\QuantV1\\.venv\\Lib\\site-packages\\sklearn\\linear_model\\_perceptron.py'>, 'sklearn.linear_model._quantile': <module 'sklearn.linear_model._quantile' from 'D:\\PythonProject\\QuantV1\\.venv\\Lib\\site-packages\\sklearn\\linear_model\\_quantile.py'>, 'sklearn.linear_model._ransac': <module 'sklearn.linear_model._ransac' from 'D:\\PythonProject\\QuantV1\\.venv\\Lib\\site-packages\\sklearn\\linear_model\\_ransac.py'>, 'sklearn.linear_model._ridge': <module 'sklearn.linear_model._ridge' from 'D:\\PythonProject\\QuantV1\\.venv\\Lib\\site-packages\\sklearn\\linear_model\\_ridge.py'>, 'sklearn.linear_model._theil_sen': <module 'sklearn.linear_model._theil_sen' from 'D:\\PythonProject\\QuantV1\\.venv\\Lib\\site-packages\\sklearn\\linear_model\\_theil_sen.py'>, 'sklearn.linear_model': <module 'sklearn.linear_model' from 'D:\\PythonProject\\QuantV1\\.venv\\Lib\\site-packages\\sklearn\\linear_model\\__init__.py'>, 'sklearn.decomposition._dict_learning': <module 'sklearn.decomposition._dict_learning' from 'D:\\PythonProject\\QuantV1\\.venv\\Lib\\site-packages\\sklearn\\decomposition\\_dict_learning.py'>, 'sklearn.decomposition._factor_analysis': <module 'sklearn.decomposition._factor_analysis' from 'D:\\PythonProject\\QuantV1\\.venv\\Lib\\site-packages\\sklearn\\decomposition\\_factor_analysis.py'>, 'sklearn.decomposition._fastica': <module 'sklearn.decomposition._fastica' from 'D:\\PythonProject\\QuantV1\\.venv\\Lib\\site-packages\\sklearn\\decomposition\\_fastica.py'>, 'sklearn.decomposition._base': <module 'sklearn.decomposition._base' from 'D:\\PythonProject\\QuantV1\\.venv\\Lib\\site-packages\\sklearn\\decomposition\\_base.py'>, 'sklearn.decomposition._incremental_pca': <module 'sklearn.decomposition._incremental_pca' from 'D:\\PythonProject\\QuantV1\\.venv\\Lib\\site-packages\\sklearn\\decomposition\\_incremental_pca.py'>, 'sklearn.utils._arpack': <module 'sklearn.utils._arpack' from 'D:\\PythonProject\\QuantV1\\.venv\\Lib\\site-packages\\sklearn\\utils\\_arpack.py'>, 'sklearn.decomposition._kernel_pca': <module 'sklearn.decomposition._kernel_pca' from 'D:\\PythonProject\\QuantV1\\.venv\\Lib\\site-packages\\sklearn\\decomposition\\_kernel_pca.py'>, 'sklearn.decomposition._online_lda_fast': <module 'sklearn.decomposition._online_lda_fast' from 'D:\\PythonProject\\QuantV1\\.venv\\Lib\\site-packages\\sklearn\\decomposition\\_online_lda_fast.cp312-win_amd64.pyd'>, 'sklearn.decomposition._lda': <module 'sklearn.decomposition._lda' from 'D:\\PythonProject\\QuantV1\\.venv\\Lib\\site-packages\\sklearn\\decomposition\\_lda.py'>, 'sklearn.decomposition._cdnmf_fast': <module 'sklearn.decomposition._cdnmf_fast' from 'D:\\PythonProject\\QuantV1\\.venv\\Lib\\site-packages\\sklearn\\decomposition\\_cdnmf_fast.cp312-win_amd64.pyd'>, 'sklearn.decomposition._nmf': <module 'sklearn.decomposition._nmf' from 'D:\\PythonProject\\QuantV1\\.venv\\Lib\\site-packages\\sklearn\\decomposition\\_nmf.py'>, 'sklearn.decomposition._pca': <module 'sklearn.decomposition._pca' from 'D:\\PythonProject\\QuantV1\\.venv\\Lib\\site-packages\\sklearn\\decomposition\\_pca.py'>, 'sklearn.decomposition._sparse_pca': <module 'sklearn.decomposition._sparse_pca' from 'D:\\PythonProject\\QuantV1\\.venv\\Lib\\site-packages\\sklearn\\decomposition\\_sparse_pca.py'>, 'sklearn.decomposition._truncated_svd': <module 'sklearn.decomposition._truncated_svd' from 'D:\\PythonProject\\QuantV1\\.venv\\Lib\\site-packages\\sklearn\\decomposition\\_truncated_svd.py'>, 'sklearn.decomposition': <module 'sklearn.decomposition' from 'D:\\PythonProject\\QuantV1\\.venv\\Lib\\site-packages\\sklearn\\decomposition\\__init__.py'>, 'sklearn.neighbors._nca': <module 'sklearn.neighbors._nca' from 'D:\\PythonProject\\QuantV1\\.venv\\Lib\\site-packages\\sklearn\\neighbors\\_nca.py'>, 'sklearn.covariance._empirical_covariance': <module 'sklearn.covariance._empirical_covariance' from 'D:\\PythonProject\\QuantV1\\.venv\\Lib\\site-packages\\sklearn\\covariance\\_empirical_covariance.py'>, 'sklearn.covariance._robust_covariance': <module 'sklearn.covariance._robust_covariance' from 'D:\\PythonProject\\QuantV1\\.venv\\Lib\\site-packages\\sklearn\\covariance\\_robust_covariance.py'>, 'sklearn.covariance._elliptic_envelope': <module 'sklearn.covariance._elliptic_envelope' from 'D:\\PythonProject\\QuantV1\\.venv\\Lib\\site-packages\\sklearn\\covariance\\_elliptic_envelope.py'>, 'sklearn.covariance._graph_lasso': <module 'sklearn.covariance._graph_lasso' from 'D:\\PythonProject\\QuantV1\\.venv\\Lib\\site-packages\\sklearn\\covariance\\_graph_lasso.py'>, 'sklearn.covariance._shrunk_covariance': <module 'sklearn.covariance._shrunk_covariance' from 'D:\\PythonProject\\QuantV1\\.venv\\Lib\\site-packages\\sklearn\\covariance\\_shrunk_covariance.py'>, 'sklearn.covariance': <module 'sklearn.covariance' from 'D:\\PythonProject\\QuantV1\\.venv\\Lib\\site-packages\\sklearn\\covariance\\__init__.py'>, 'sklearn.discriminant_analysis': <module 'sklearn.discriminant_analysis' from 'D:\\PythonProject\\QuantV1\\.venv\\Lib\\site-packages\\sklearn\\discriminant_analysis.py'>, 'sklearn.neighbors._nearest_centroid': <module 'sklearn.neighbors._nearest_centroid' from 'D:\\PythonProject\\QuantV1\\.venv\\Lib\\site-packages\\sklearn\\neighbors\\_nearest_centroid.py'>, 'sklearn.neighbors._regression': <module 'sklearn.neighbors._regression' from 'D:\\PythonProject\\QuantV1\\.venv\\Lib\\site-packages\\sklearn\\neighbors\\_regression.py'>, 'sklearn.neighbors': <module 'sklearn.neighbors' from 'D:\\PythonProject\\QuantV1\\.venv\\Lib\\site-packages\\sklearn\\neighbors\\__init__.py'>, 'sklearn.tree._utils': <module 'sklearn.tree._utils' from 'D:\\PythonProject\\QuantV1\\.venv\\Lib\\site-packages\\sklearn\\tree\\_utils.cp312-win_amd64.pyd'>, 'sklearn.neighbors._quad_tree': <module 'sklearn.neighbors._quad_tree' from 'D:\\PythonProject\\QuantV1\\.venv\\Lib\\site-packages\\sklearn\\neighbors\\_quad_tree.cp312-win_amd64.pyd'>, 'sklearn.tree._tree': <module 'sklearn.tree._tree' from 'D:\\PythonProject\\QuantV1\\.venv\\Lib\\site-packages\\sklearn\\tree\\_tree.cp312-win_amd64.pyd'>, 'sklearn.tree._partitioner': <module 'sklearn.tree._partitioner' from 'D:\\PythonProject\\QuantV1\\.venv\\Lib\\site-packages\\sklearn\\tree\\_partitioner.cp312-win_amd64.pyd'>, 'sklearn.tree._splitter': <module 'sklearn.tree._splitter' from 'D:\\PythonProject\\QuantV1\\.venv\\Lib\\site-packages\\sklearn\\tree\\_splitter.cp312-win_amd64.pyd'>, 'sklearn.tree._criterion': <module 'sklearn.tree._criterion' from 'D:\\PythonProject\\QuantV1\\.venv\\Lib\\site-packages\\sklearn\\tree\\_criterion.cp312-win_amd64.pyd'>, 'sklearn.tree._classes': <module 'sklearn.tree._classes' from 'D:\\PythonProject\\QuantV1\\.venv\\Lib\\site-packages\\sklearn\\tree\\_classes.py'>, 'sklearn.tree._reingold_tilford': <module 'sklearn.tree._reingold_tilford' from 'D:\\PythonProject\\QuantV1\\.venv\\Lib\\site-packages\\sklearn\\tree\\_reingold_tilford.py'>, 'sklearn.tree._export': <module 'sklearn.tree._export' from 'D:\\PythonProject\\QuantV1\\.venv\\Lib\\site-packages\\sklearn\\tree\\_export.py'>, 'sklearn.tree': <module 'sklearn.tree' from 'D:\\PythonProject\\QuantV1\\.venv\\Lib\\site-packages\\sklearn\\tree\\__init__.py'>, 'sklearn.ensemble._bagging': <module 'sklearn.ensemble._bagging' from 'D:\\PythonProject\\QuantV1\\.venv\\Lib\\site-packages\\sklearn\\ensemble\\_bagging.py'>, 'sklearn.ensemble._forest': <module 'sklearn.ensemble._forest' from 'D:\\PythonProject\\QuantV1\\.venv\\Lib\\site-packages\\sklearn\\ensemble\\_forest.py'>, 'sklearn.dummy': <module 'sklearn.dummy' from 'D:\\PythonProject\\QuantV1\\.venv\\Lib\\site-packages\\sklearn\\dummy.py'>, 'sklearn.ensemble._gradient_boosting': <module 'sklearn.ensemble._gradient_boosting' from 'D:\\PythonProject\\QuantV1\\.venv\\Lib\\site-packages\\sklearn\\ensemble\\_gradient_boosting.cp312-win_amd64.pyd'>, 'sklearn.ensemble._gb': <module 'sklearn.ensemble._gb' from 'D:\\PythonProject\\QuantV1\\.venv\\Lib\\site-packages\\sklearn\\ensemble\\_gb.py'>, 'sklearn.ensemble._hist_gradient_boosting': <module 'sklearn.ensemble._hist_gradient_boosting' from 'D:\\PythonProject\\QuantV1\\.venv\\Lib\\site-packages\\sklearn\\ensemble\\_hist_gradient_boosting\\__init__.py'>, 'sklearn.pipeline': <module 'sklearn.pipeline' from 'D:\\PythonProject\\QuantV1\\.venv\\Lib\\site-packages\\sklearn\\pipeline.py'>, 'sklearn.compose._column_transformer': <module 'sklearn.compose._column_transformer' from 'D:\\PythonProject\\QuantV1\\.venv\\Lib\\site-packages\\sklearn\\compose\\_column_transformer.py'>, 'sklearn.compose._target': <module 'sklearn.compose._target' from 'D:\\PythonProject\\QuantV1\\.venv\\Lib\\site-packages\\sklearn\\compose\\_target.py'>, 'sklearn.compose': <module 'sklearn.compose' from 'D:\\PythonProject\\QuantV1\\.venv\\Lib\\site-packages\\sklearn\\compose\\__init__.py'>, 'sklearn.ensemble._hist_gradient_boosting.common': <module 'sklearn.ensemble._hist_gradient_boosting.common' from 'D:\\PythonProject\\QuantV1\\.venv\\Lib\\site-packages\\sklearn\\ensemble\\_hist_gradient_boosting\\common.cp312-win_amd64.pyd'>, 'sklearn.ensemble._hist_gradient_boosting._gradient_boosting': <module 'sklearn.ensemble._hist_gradient_boosting._gradient_boosting' from 'D:\\PythonProject\\QuantV1\\.venv\\Lib\\site-packages\\sklearn\\ensemble\\_hist_gradient_boosting\\_gradient_boosting.cp312-win_amd64.pyd'>, 'sklearn.ensemble._hist_gradient_boosting._binning': <module 'sklearn.ensemble._hist_gradient_boosting._binning' from 'D:\\PythonProject\\QuantV1\\.venv\\Lib\\site-packages\\sklearn\\ensemble\\_hist_gradient_boosting\\_binning.cp312-win_amd64.pyd'>, 'sklearn.utils._bitset': <module 'sklearn.utils._bitset' from 'D:\\PythonProject\\QuantV1\\.venv\\Lib\\site-packages\\sklearn\\utils\\_bitset.cp312-win_amd64.pyd'>, 'sklearn.ensemble._hist_gradient_boosting.binning': <module 'sklearn.ensemble._hist_gradient_boosting.binning' from 'D:\\PythonProject\\QuantV1\\.venv\\Lib\\site-packages\\sklearn\\ensemble\\_hist_gradient_boosting\\binning.py'>, 'sklearn.ensemble._hist_gradient_boosting.histogram': <module 'sklearn.ensemble._hist_gradient_boosting.histogram' from 'D:\\PythonProject\\QuantV1\\.venv\\Lib\\site-packages\\sklearn\\ensemble\\_hist_gradient_boosting\\histogram.cp312-win_amd64.pyd'>, 'sklearn.ensemble._hist_gradient_boosting._predictor': <module 'sklearn.ensemble._hist_gradient_boosting._predictor' from 'D:\\PythonProject\\QuantV1\\.venv\\Lib\\site-packages\\sklearn\\ensemble\\_hist_gradient_boosting\\_predictor.cp312-win_amd64.pyd'>, 'sklearn.ensemble._hist_gradient_boosting.predictor': <module 'sklearn.ensemble._hist_gradient_boosting.predictor' from 'D:\\PythonProject\\QuantV1\\.venv\\Lib\\site-packages\\sklearn\\ensemble\\_hist_gradient_boosting\\predictor.py'>, 'sklearn.ensemble._hist_gradient_boosting.splitting': <module 'sklearn.ensemble._hist_gradient_boosting.splitting' from 'D:\\PythonProject\\QuantV1\\.venv\\Lib\\site-packages\\sklearn\\ensemble\\_hist_gradient_boosting\\splitting.cp312-win_amd64.pyd'>, 'sklearn.ensemble._hist_gradient_boosting.grower': <module 'sklearn.ensemble._hist_gradient_boosting.grower' from 'D:\\PythonProject\\QuantV1\\.venv\\Lib\\site-packages\\sklearn\\ensemble\\_hist_gradient_boosting\\grower.py'>, 'sklearn.ensemble._hist_gradient_boosting.gradient_boosting': <module 'sklearn.ensemble._hist_gradient_boosting.gradient_boosting' from 'D:\\PythonProject\\QuantV1\\.venv\\Lib\\site-packages\\sklearn\\ensemble\\_hist_gradient_boosting\\gradient_boosting.py'>, 'sklearn.ensemble._iforest': <module 'sklearn.ensemble._iforest' from 'D:\\PythonProject\\QuantV1\\.venv\\Lib\\site-packages\\sklearn\\ensemble\\_iforest.py'>, 'sklearn.ensemble._stacking': <module 'sklearn.ensemble._stacking' from 'D:\\PythonProject\\QuantV1\\.venv\\Lib\\site-packages\\sklearn\\ensemble\\_stacking.py'>, 'sklearn.ensemble._voting': <module 'sklearn.ensemble._voting' from 'D:\\PythonProject\\QuantV1\\.venv\\Lib\\site-packages\\sklearn\\ensemble\\_voting.py'>, 'sklearn.ensemble._weight_boosting': <module 'sklearn.ensemble._weight_boosting' from 'D:\\PythonProject\\QuantV1\\.venv\\Lib\\site-packages\\sklearn\\ensemble\\_weight_boosting.py'>, 'sklearn.ensemble': <module 'sklearn.ensemble' from 'D:\\PythonProject\\QuantV1\\.venv\\Lib\\site-packages\\sklearn\\ensemble\\__init__.py'>, 'core.model_registry': <module 'core.model_registry' from 'D:\\PythonProject\\QuantV1\\core\\model_registry.py'>, 'core.forecast_engine': <module 'core.forecast_engine' from 'D:\\PythonProject\\QuantV1\\core\\forecast_engine.py'>, 'core.validation_schema': <module 'core.validation_schema' from 'D:\\PythonProject\\QuantV1\\core\\validation_schema.py'>, 'backtest_forecast': <module 'backtest_forecast' from 'D:\\PythonProject\\QuantV1\\backtest_forecast.py'>, 'core.pit1455_contract': <module 'core.pit1455_contract' from 'D:\\PythonProject\\QuantV1\\core\\pit1455_contract.py'>, 'core.intraday_features': <module 'core.intraday_features' from 'D:\\PythonProject\\QuantV1\\core\\intraday_features.py'>, 'core.decision_engine': <module 'core.decision_engine' from 'D:\\PythonProject\\QuantV1\\core\\decision_engine.py'>, 'backtest_action': <module 'backtest_action' from 'D:\\PythonProject\\QuantV1\\backtest_action.py'>, 'tests.test_action_bootstrap': <module 'tests.test_action_bootstrap' from 'D:\\PythonProject\\QuantV1\\tests\\test_action_bootstrap.py'>, 'audit_project': <module 'audit_project' from 'D:\\PythonProject\\QuantV1\\audit_project.py'>, 'tests.test_audit_hygiene': <module 'tests.test_audit_hygiene' from 'D:\\PythonProject\\QuantV1\\tests\\test_audit_hygiene.py'>, 'tests.test_audit_states': <module 'tests.test_audit_states' from 'D:\\PythonProject\\QuantV1\\tests\\test_audit_states.py'>, 'tests.test_b3_sample_retention': <module 'tests.test_b3_sample_retention' from 'D:\\PythonProject\\QuantV1\\tests\\test_b3_sample_retention.py'>, 'unittest.mock': <module 'unittest.mock' from 'C:\\Users\\Turn-\\AppData\\Roaming\\uv\\python\\cpython-3.12-windows-x86_64-none\\Lib\\unittest\\mock.py'>, 'tests.test_batch_a_hardening': <module 'tests.test_batch_a_hardening' from 'D:\\PythonProject\\QuantV1\\tests\\test_batch_a_hardening.py'>, 'core.chanlun': <module 'core.chanlun' from 'D:\\PythonProject\\QuantV1\\core\\chanlun.py'>, 'tests.test_chanlun': <module 'tests.test_chanlun' from 'D:\\PythonProject\\QuantV1\\tests\\test_chanlun.py'>, 'tests.test_contracts': <module 'tests.test_contracts' from 'D:\\PythonProject\\QuantV1\\tests\\test_contracts.py'>, '_sqlite3': <module '_sqlite3' from 'C:\\Users\\Turn-\\AppData\\Roaming\\uv\\python\\cpython-3.12-windows-x86_64-none\\DLLs\\_sqlite3.pyd'>, 'sqlite3.dbapi2': <module 'sqlite3.dbapi2' from 'C:\\Users\\Turn-\\AppData\\Roaming\\uv\\python\\cpython-3.12-windows-x86_64-none\\Lib\\sqlite3\\dbapi2.py'>, 'sqlite3': <module 'sqlite3' from 'C:\\Users\\Turn-\\AppData\\Roaming\\uv\\python\\cpython-3.12-windows-x86_64-none\\Lib\\sqlite3\\__init__.py'>, 'daily_runs_tool': <module 'daily_runs_tool' from 'D:\\PythonProject\\QuantV1\\daily_runs_tool.py'>, 'tests.test_daily_runs_tool': <module 'tests.test_daily_runs_tool' from 'D:\\PythonProject\\QuantV1\\tests\\test_daily_runs_tool.py'>, 'data_fingerprint': <module 'data_fingerprint' from 'D:\\PythonProject\\QuantV1\\data_fingerprint.py'>, 'tests.test_data_fingerprint': <module 'tests.test_data_fingerprint' from 'D:\\PythonProject\\QuantV1\\tests\\test_data_fingerprint.py'>, 'tests.test_dataset_snapshot_scope': <module 'tests.test_dataset_snapshot_scope' from 'D:\\PythonProject\\QuantV1\\tests\\test_dataset_snapshot_scope.py'>, 'tests.test_datasource_chain': <module 'tests.test_datasource_chain' from 'D:\\PythonProject\\QuantV1\\tests\\test_datasource_chain.py'>, 'tests.test_datasource_providers': <module 'tests.test_datasource_providers' from 'D:\\PythonProject\\QuantV1\\tests\\test_datasource_providers.py'>, 'tests.test_decision_edge': <module 'tests.test_decision_edge' from 'D:\\PythonProject\\QuantV1\\tests\\test_decision_edge.py'>, 'core.intraday_feature_store': <module 'core.intraday_feature_store' from 'D:\\PythonProject\\QuantV1\\core\\intraday_feature_store.py'>, 'backtest_delta_intraday': <module 'backtest_delta_intraday' from 'D:\\PythonProject\\QuantV1\\backtest_delta_intraday.py'>, 'tests.test_delta_intraday': <module 'tests.test_delta_intraday' from 'D:\\PythonProject\\QuantV1\\tests\\test_delta_intraday.py'>, 'core.path_forecast': <module 'core.path_forecast' from 'D:\\PythonProject\\QuantV1\\core\\path_forecast.py'>, 'backtest_quantile_calib': <module 'backtest_quantile_calib' from 'D:\\PythonProject\\QuantV1\\backtest_quantile_calib.py'>, 'backtest_forecast_policy': <module 'backtest_forecast_policy' from 'D:\\PythonProject\\QuantV1\\backtest_forecast_policy.py'>, 'tests.test_diag_entry_unify': <module 'tests.test_diag_entry_unify' from 'D:\\PythonProject\\QuantV1\\tests\\test_diag_entry_unify.py'>, 'backtest_walk_forward': <module 'backtest_walk_forward' from 'D:\\PythonProject\\QuantV1\\backtest_walk_forward.py'>, 'core.no_net_guard': <module 'core.no_net_guard' from 'D:\\PythonProject\\QuantV1\\core\\no_net_guard.py'>, 'drift_monitor': <module 'drift_monitor' from 'D:\\PythonProject\\QuantV1\\drift_monitor.py'>, 'tests.test_drift_monitor': <module 'tests.test_drift_monitor' from 'D:\\PythonProject\\QuantV1\\tests\\test_drift_monitor.py'>, 'tests.test_dynamics': <module 'tests.test_dynamics' from 'D:\\PythonProject\\QuantV1\\tests\\test_dynamics.py'>, 'evidence_recompute': <module 'evidence_recompute' from 'D:\\PythonProject\\QuantV1\\evidence_recompute.py'>, 'tests.test_evidence_anchor': <module 'tests.test_evidence_anchor' from 'D:\\PythonProject\\QuantV1\\tests\\test_evidence_anchor.py'>, 'bind_validation_evidence': <module 'bind_validation_evidence' from 'D:\\PythonProject\\QuantV1\\bind_validation_evidence.py'>, 'tests.test_evidence_binding_anchor': <module 'tests.test_evidence_binding_anchor' from 'D:\\PythonProject\\QuantV1\\tests\\test_evidence_binding_anchor.py'>, 'tests.test_evidence_recompute': <module 'tests.test_evidence_recompute' from 'D:\\PythonProject\\QuantV1\\tests\\test_evidence_recompute.py'>, 'core.account': <module 'core.account' from 'D:\\PythonProject\\QuantV1\\core\\account.py'>, 'core.market_context': <module 'core.market_context' from 'D:\\PythonProject\\QuantV1\\core\\market_context.py'>, 'core.report_generator': <module 'core.report_generator' from 'D:\\PythonProject\\QuantV1\\core\\report_generator.py'>, 'core.notify': <module 'core.notify' from 'D:\\PythonProject\\QuantV1\\core\\notify.py'>, 'core.rotation': <module 'core.rotation' from 'D:\\PythonProject\\QuantV1\\core\\rotation.py'>, 'core.datasource.providers.realtime_tencent': <module 'core.datasource.providers.realtime_tencent' from 'D:\\PythonProject\\QuantV1\\core\\datasource\\providers\\realtime_tencent.py'>, 'core.real_time': <module 'core.real_time' from 'D:\\PythonProject\\QuantV1\\core\\real_time.py'>, 'core.intraday_store': <module 'core.intraday_store' from 'D:\\PythonProject\\QuantV1\\core\\intraday_store.py'>, 'run': <module 'run' from 'D:\\PythonProject\\QuantV1\\run.py'>, 'tests.test_face5_production_path': <module 'tests.test_face5_production_path' from 'D:\\PythonProject\\QuantV1\\tests\\test_face5_production_path.py'>, 'tests.test_feature_protocol_strict': <module 'tests.test_feature_protocol_strict' from 'D:\\PythonProject\\QuantV1\\tests\\test_feature_protocol_strict.py'>, 'tests.test_forecast': <module 'tests.test_forecast' from 'D:\\PythonProject\\QuantV1\\tests\\test_forecast.py'>, 'tests.test_forecast_contract': <module 'tests.test_forecast_contract' from 'D:\\PythonProject\\QuantV1\\tests\\test_forecast_contract.py'>, 'tests.test_forecast_evidence': <module 'tests.test_forecast_evidence' from 'D:\\PythonProject\\QuantV1\\tests\\test_forecast_evidence.py'>, 'tests.test_forecast_lifecycle': <module 'tests.test_forecast_lifecycle' from 'D:\\PythonProject\\QuantV1\\tests\\test_forecast_lifecycle.py'>, 'tests.test_forecast_split': <module 'tests.test_forecast_split' from 'D:\\PythonProject\\QuantV1\\tests\\test_forecast_split.py'>, 'tests.test_freeze_verify_tool': <module 'tests.test_freeze_verify_tool' from 'D:\\PythonProject\\QuantV1\\tests\\test_freeze_verify_tool.py'>, 'tests.test_frozen_dataset': <module 'tests.test_frozen_dataset' from 'D:\\PythonProject\\QuantV1\\tests\\test_frozen_dataset.py'>, 'tests.test_fund_datasource': <module 'tests.test_fund_datasource' from 'D:\\PythonProject\\QuantV1\\tests\\test_fund_datasource.py'>, 'tests.test_holdings_tristate': <module 'tests.test_holdings_tristate' from 'D:\\PythonProject\\QuantV1\\tests\\test_holdings_tristate.py'>, 'tests.test_holdings_visibility': <module 'tests.test_holdings_visibility' from 'D:\\PythonProject\\QuantV1\\tests\\test_holdings_visibility.py'>, 'tests.test_holidays': <module 'tests.test_holidays' from 'D:\\PythonProject\\QuantV1\\tests\\test_holidays.py'>, 'tests.test_intraday': <module 'tests.test_intraday' from 'D:\\PythonProject\\QuantV1\\tests\\test_intraday.py'>, 'tests.test_layers': <module 'tests.test_layers' from 'D:\\PythonProject\\QuantV1\\tests\\test_layers.py'>, 'tests.test_lofo_evidence': <module 'tests.test_lofo_evidence' from 'D:\\PythonProject\\QuantV1\\tests\\test_lofo_evidence.py'>, 'tests.test_lookthrough_pit': <module 'tests.test_lookthrough_pit' from 'D:\\PythonProject\\QuantV1\\tests\\test_lookthrough_pit.py'>, 'tests.test_manifest_fund_mask': <module 'tests.test_manifest_fund_mask' from 'D:\\PythonProject\\QuantV1\\tests\\test_manifest_fund_mask.py'>, 'tests.test_market_context': <module 'tests.test_market_context' from 'D:\\PythonProject\\QuantV1\\tests\\test_market_context.py'>, 'tests.test_metric_status': <module 'tests.test_metric_status' from 'D:\\PythonProject\\QuantV1\\tests\\test_metric_status.py'>, 'tests.test_model_registry': <module 'tests.test_model_registry' from 'D:\\PythonProject\\QuantV1\\tests\\test_model_registry.py'>, 'tests.test_nav_fallback_degraded': <module 'tests.test_nav_fallback_degraded' from 'D:\\PythonProject\\QuantV1\\tests\\test_nav_fallback_degraded.py'>, 'mimetypes': <module 'mimetypes' from 'C:\\Users\\Turn-\\AppData\\Roaming\\uv\\python\\cpython-3.12-windows-x86_64-none\\Lib\\mimetypes.py'>, 'socketserver': <module 'socketserver' from 'C:\\Users\\Turn-\\AppData\\Roaming\\uv\\python\\cpython-3.12-windows-x86_64-none\\Lib\\socketserver.py'>, 'http.server': <module 'http.server' from 'C:\\Users\\Turn-\\AppData\\Roaming\\uv\\python\\cpython-3.12-windows-x86_64-none\\Lib\\http\\server.py'>, 'tests.test_netutil': <module 'tests.test_netutil' from 'D:\\PythonProject\\QuantV1\\tests\\test_netutil.py'>, 'tests.test_path_and_store': <module 'tests.test_path_and_store' from 'D:\\PythonProject\\QuantV1\\tests\\test_path_and_store.py'>, 'tests.test_pit': <module 'tests.test_pit' from 'D:\\PythonProject\\QuantV1\\tests\\test_pit.py'>, 'pit1455_dataset': <module 'pit1455_dataset' from 'D:\\PythonProject\\QuantV1\\pit1455_dataset.py'>, 'tests.test_pit1455_contract': <module 'tests.test_pit1455_contract' from 'D:\\PythonProject\\QuantV1\\tests\\test_pit1455_contract.py'>, 'backtest_pit1455_matrix': <module 'backtest_pit1455_matrix' from 'D:\\PythonProject\\QuantV1\\backtest_pit1455_matrix.py'>, 'tests.test_pit1455_matrix': <module 'tests.test_pit1455_matrix' from 'D:\\PythonProject\\QuantV1\\tests\\test_pit1455_matrix.py'>, 'tests.test_pit_guard': <module 'tests.test_pit_guard' from 'D:\\PythonProject\\QuantV1\\tests\\test_pit_guard.py'>, 'tests.test_promotion_rule_v2': <module 'tests.test_promotion_rule_v2' from 'D:\\PythonProject\\QuantV1\\tests\\test_promotion_rule_v2.py'>, 'bind_provenance': <module 'bind_provenance' from 'D:\\PythonProject\\QuantV1\\bind_provenance.py'>, 'tests.test_provenance_binding': <module 'tests.test_provenance_binding' from 'D:\\PythonProject\\QuantV1\\tests\\test_provenance_binding.py'>, 'tests.test_publish_gate': <module 'tests.test_publish_gate' from 'D:\\PythonProject\\QuantV1\\tests\\test_publish_gate.py'>, 'tests.test_quantile_calib': <module 'tests.test_quantile_calib' from 'D:\\PythonProject\\QuantV1\\tests\\test_quantile_calib.py'>, 'tests.test_realtime_datasource': <module 'tests.test_realtime_datasource' from 'D:\\PythonProject\\QuantV1\\tests\\test_realtime_datasource.py'>, 'tests.test_report_source_trace': <module 'tests.test_report_source_trace' from 'D:\\PythonProject\\QuantV1\\tests\\test_report_source_trace.py'>, 'tests.test_run_manifest': <module 'tests.test_run_manifest' from 'D:\\PythonProject\\QuantV1\\tests\\test_run_manifest.py'>, 'shadow_policy': <module 'shadow_policy' from 'D:\\PythonProject\\QuantV1\\shadow_policy.py'>, 'tests.test_shadow_policy': <module 'tests.test_shadow_policy' from 'D:\\PythonProject\\QuantV1\\tests\\test_shadow_policy.py'>, 'core.state_engine': <module 'core.state_engine' from 'D:\\PythonProject\\QuantV1\\core\\state_engine.py'>, 'tests.test_state_engine': <module 'tests.test_state_engine' from 'D:\\PythonProject\\QuantV1\\tests\\test_state_engine.py'>, 'core.state_lookup': <module 'core.state_lookup' from 'D:\\PythonProject\\QuantV1\\core\\state_lookup.py'>, 'tests.test_state_lookup': <module 'tests.test_state_lookup' from 'D:\\PythonProject\\QuantV1\\tests\\test_state_lookup.py'>, 'tests.test_stock_data_cache': <module 'tests.test_stock_data_cache' from 'D:\\PythonProject\\QuantV1\\tests\\test_stock_data_cache.py'>, 'experiment_state_feature': <module 'experiment_state_feature' from 'D:\\PythonProject\\QuantV1\\experiment_state_feature.py'>, 'backtest_t5_scorecard': <module 'backtest_t5_scorecard' from 'D:\\PythonProject\\QuantV1\\backtest_t5_scorecard.py'>, 'tests.test_t5_scorecard': <module 'tests.test_t5_scorecard' from 'D:\\PythonProject\\QuantV1\\tests\\test_t5_scorecard.py'>, 'tests.test_v42_contracts': <module 'tests.test_v42_contracts' from 'D:\\PythonProject\\QuantV1\\tests\\test_v42_contracts.py'>, 'tests.test_validation_schema': <module 'tests.test_validation_schema' from 'D:\\PythonProject\\QuantV1\\tests\\test_validation_schema.py'>, 'tests.test_walk_forward': <module 'tests.test_walk_forward' from 'D:\\PythonProject\\QuantV1\\tests\\test_walk_forward.py'>}

----------------------------------------------------------------------
Ran 1072 tests in 198.573s

FAILED (failures=1, skipped=3)

[ok] validation.evidence 已绑定：_explicit_entry_model.pkl
[promotion] status=approved reason=schema v2 证据五门全过（power/performance/baseline_edge/calibration/provenance）——证据合格；config.forecast.model_ready 仍需人工复核措辞红线后置 true
[attest] 跳过不可信快照 manifest_20660101T000000.json：snapshot_id 与 files 内容不符（声明 631e1e0db05c89ef… / 复算 f2a2ce5d65775512…）
== 无需写入（全部已绑定）==
[exit] FAILED（test_crash_reason）——本次已有清单在档，不重复落盘
[mani] 运行清单 → output/run_manifest/run_manifest_20261001_153000_mid.json（status=FAILED）
[exit] FAILED（boom）——兜底清单已落盘，异常原文见 output/logs/
[mani] 运行清单 → output/run_manifest/run_manifest_20261001_153000_post.json（status=FAILED）
[exit] FAILED（test_crash_reason）——兜底清单已落盘，异常原文见 output/logs/
[mani] 运行清单 → output/run_manifest/run_manifest_20260923_145504_post.json（status=FAILED）
[exit] FAILED（exception:ValueError）——兜底清单已落盘，异常原文见 output/logs/
[mani] 运行清单 → output/run_manifest/run_manifest_20260923_145504_post.json（status=FAILED）
[exit] FAILED（exception:TypeError）——兜底清单已落盘，异常原文见 output/logs/
[mani] 运行清单 → output/run_manifest/run_manifest_20260923_145504_post.json（status=FAILED）
[exit] FAILED（exception:TypeError）——兜底清单已落盘，异常原文见 output/logs/
[warn] 运行清单写入失败（本次运行判为 DEGRADED）：FileNotFoundError [WinError 3] 系统找不到指定的路径。: 'C:\\Users\\Turn-\\AppData\\Local\\Temp\\tmpj_fehhrn\\nul\\xxxxxxxxxxxxxxxxxxxxxxxxxxxxxxxxxxxxxxxxxxxxxxxxxxxxxxxxxxxxxxxxxxxxxxxxxxxxxxxxxxxxxxxxxxxxxxxxxxxxxxxxxxxxxxxxxxxxxxxxxxxxxxxxxxxxxxxxxxxxxxxxxxxxxxxxxxxxxxxxxxxxxxxxxxxxxxxxxxxxxxxxxxxxxxxxxxxxxxxxxxxxxxxxxxxxxxxxxxxxxxxxxxxxxxxxxxxxxxxxxxxxxxxxxxxxxxxxxxxxxxxxxxxxxxxxxxxxxxxxxxxxxxxxxxxxxxxxxxxx'
[exit] FAILED（exception:TypeError）——兜底清单亦未落盘，监控侧以「exit=1 且本次 run_id 无对应清单」识别
[mani] 运行清单 → output/run_manifest/run_manifest_20260923_145504_post.json（status=SUCCESS）
[exit] FAILED（exception:TypeError）——本次已有清单在档，不重复落盘
[warn] 运行清单写入失败（本次运行判为 DEGRADED）：FileNotFoundError [WinError 3] 系统找不到指定的路径。: 'C:\\Users\\Turn-\\AppData\\Local\\Temp\\tmpdyh_jdb4\\nul\\xxxxxxxxxxxxxxxxxxxxxxxxxxxxxxxxxxxxxxxxxxxxxxxxxxxxxxxxxxxxxxxxxxxxxxxxxxxxxxxxxxxxxxxxxxxxxxxxxxxxxxxxxxxxxxxxxxxxxxxxxxxxxxxxxxxxxxxxxxxxxxxxxxxxxxxxxxxxxxxxxxxxxxxxxxxxxxxxxxxxxxxxxxxxxxxxxxxxxxxxxxxxxxxxxxxxxxxxxxxxxxxxxxxxxxxxxxxxxxxxxxxxxxxxxxxxxxxxxxxxxxxxxxxxxxxxxxxxxxxxxxxxxxxxxxxxxxxxxxxx'
[mani] 运行清单 → output/run_manifest/run_manifest_20260917_113003_mid.json（status=SUCCESS）
[warn] 运行清单写入失败（本次运行判为 DEGRADED）：FileNotFoundError [WinError 3] 系统找不到指定的路径。: 'C:\\Users\\Turn-\\AppData\\Local\\Temp\\tmpaemj_22q\\nul\\xxxxxxxxxxxxxxxxxxxxxxxxxxxxxxxxxxxxxxxxxxxxxxxxxxxxxxxxxxxxxxxxxxxxxxxxxxxxxxxxxxxxxxxxxxxxxxxxxxxxxxxxxxxxxxxxxxxxxxxxxxxxxxxxxxxxxxxxxxxxxxxxxxxxxxxxxxxxxxxxxxxxxxxxxxxxxxxxxxxxxxxxxxxxxxxxxxxxxxxxxxxxxxxxxxxxxxxxxxxxxxxxxxxxxxxxxxxxxxxxxxxxxxxxxxxxxxxxxxxxxxxxxxxxxxxxxxxxxxxxxxxxxxxxxxxxxxxxxxxx'
[exit] DEGRADED（1 项降级：run_manifest_write_failed）
[mani] 运行清单 → output/run_manifest/run_manifest_20260917_113003_mid.json（status=SUCCESS）
[warn] 510300 实时行情不可用：network down
[rt  ] 159915 当日估算 +0.50%（前十大覆盖 80%，持仓截至 2026-06-30）
[warn] 159915 实时行情可得但估值不可用（est_change_pct=None，覆盖 80.0%）——该基金今日证据缺位
[warn] 159915 实时行情可得但估值不可用（est_change_pct=None，覆盖 80.0%）——该基金今日证据缺位
[rt  ] 510300 当日估算 +1.20%（前十大覆盖 80%，持仓截至 2026-06-30）
[rt  ] 159915 当日估算 -0.40%（前十大覆盖 80%，持仓截至 2026-06-30）
[mani] 运行清单 → output/run_manifest/run_manifest_20260916_145500_post.json（status=DEGRADED）
[mani] 运行清单 → output/run_manifest/run_manifest_20260916_183000_post.json（status=SUCCESS）
[warn] 运行清单写入失败（本次运行判为 DEGRADED）：FileNotFoundError [WinError 3] 系统找不到指定的路径。: 'C:\\Users\\Turn-\\AppData\\Local\\Temp\\tmpjqym52o1\\nul\\xxxxxxxxxxxxxxxxxxxxxxxxxxxxxxxxxxxxxxxxxxxxxxxxxxxxxxxxxxxxxxxxxxxxxxxxxxxxxxxxxxxxxxxxxxxxxxxxxxxxxxxxxxxxxxxxxxxxxxxxxxxxxxxxxxxxxxxxxxxxxxxxxxxxxxxxxxxxxxxxxxxxxxxxxxxxxxxxxxxxxxxxxxxxxxxxxxxxxxxxxxxxxxxxxxxxxxxxxxxxxxxxxxxxxxxxxxxxxxxxxxxxxxxxxxxxxxxxxxxxxxxxxxxxxxxxxxxxxxxxxxxxxxxxxxxxxxxxxxxx'
[obs ] 未配置 Obsidian 信号流水路径（notify.obsidian_signal_log 留空）→ 跳过追加
[obs ] 当日流水行已就地更新（幂等：不追加第二行，归并 2 行重复）
[obs ] 当日流水行已就地更新（幂等：不追加第二行）
[obs ] 当日流水行已就地更新（幂等：不追加第二行）
